P,P2,d_b,bx,h_x,h_y,parameters
0.0,0.0,0.0,1.0,0.0,0.0,"Dict{String, Real}(""s_u"" => 0.4, ""h_x_bar"" => 1.0, ""h_x"" => 1.0, ""p_u"" => 0.6, ""s_y"" => 0.5, ""a"" => 0.1, ""h_y_bar"" => 0.8290227730115183, ""M"" => 1, ""s_jx"" => 0.4, ""phi"" => 0.1, ""b_x"" => 8.0, ""h_y"" => 0.8290227730115183, ""b_y"" => 9.0, ""s_jy"" => 0.41, ""s_x"" => 0.5, ""p_j"" => 0.55)"
0.0,0.0,0.1111111111111111,1.0,0.0,0.0,"Dict{String, Real}(""s_u"" => 0.4, ""h_x_bar"" => 1.0, ""h_x"" => 1.0, ""p_u"" => 0.6, ""s_y"" => 0.5, ""a"" => 0.1, ""h_y_bar"" => 0.8290227730115183, ""M"" => 1, ""s_jx"" => 0.4, ""phi"" => 0.1, ""b_x"" => 8.0, ""h_y"" => 0.8290227730115183, ""b_y"" => 9.0, ""s_jy"" => 0.41, ""s_x"" => 0.5, ""p_j"" => 0.55)"
0.0,0.0,0.2222222222222222,1.0,0.0,0.0,"Dict{String, Real}(""s_u"" => 0.4, ""h_x_bar"" => 1.0, ""h_x"" => 1.0, ""p_u"" => 0.6, ""s_y"" => 0.5, ""a"" => 0.1, ""h_y_bar"" => 0.8290227730115183, ""M"" => 1, ""s_jx"" => 0.4, ""phi"" => 0.1, ""b_x"" => 8.0, ""h_y"" => 0.8290227730115183, ""b_y"" => 9.0, ""s_jy"" => 0.41, ""s_x"" => 0.5, ""p_j"" => 0.55)"
0.0,0.0,0.3333333333333333,1.0,0.0,0.0,"Dict{String, Real}(""s_u"" => 0.4, ""h_x_bar"" => 1.0, ""h_x"" => 1.0, ""p_u"" => 0.6, ""s_y"" => 0.5, ""a"" => 0.1, ""h_y_bar"" => 0.8290227730115183, ""M"" => 1, ""s_jx"" => 0.4, ""phi"" => 0.1, ""b_x"" => 8.0, ""h_y"" => 0.8290227730115183, ""b_y"" => 9.0, ""s_jy"" => 0.41, ""s_x"" => 0.5, ""p_j"" => 0.55)"
0.0,0.0,0.4444444444444444,1.0,0.0,0.0,"Dict{String, Real}(""s_u"" => 0.4, ""h_x_bar"" => 1.0, ""h_x"" => 1.0, ""p_u"" => 0.6, ""s_y"" => 0.5, ""a"" => 0.1, ""h_y_bar"" => 0.8290227730115183, ""M"" => 1, ""s_jx"" => 0.4, ""phi"" => 0.1, ""b_x"" => 8.0, ""h_y"" => 0.8290227730115183, ""b_y"" => 9.0, ""s_jy"" => 0.41, ""s_x"" => 0.5, ""p_j"" => 0.55)"
0.0,0.0,0.5555555555555556,1.0,0.0,0.0,"Dict{String, Real}(""s_u"" => 0.4, ""h_x_bar"" => 1.0, ""h_x"" => 1.0, ""p_u"" => 0.6, ""s_y"" => 0.5, ""a"" => 0.1, ""h_y_bar"" => 0.8290227730115183, ""M"" => 1, ""s_jx"" => 0.4, ""phi"" => 0.1, ""b_x"" => 8.0, ""h_y"" => 0.8290227730115183, ""b_y"" => 9.0, ""s_jy"" => 0.41, ""s_x"" => 0.5, ""p_j"" => 0.55)"
0.0,0.0,0.6666666666666666,1.0,0.0,0.0,"Dict{String, Real}(""s_u"" => 0.4, ""h_x_bar"" => 1.0, ""h_x"" => 1.0, ""p_u"" => 0.6, ""s_y"" => 0.5, ""a"" => 0.1, ""h_y_bar"" => 0.8290227730115183, ""M"" => 1, ""s_jx"" => 0.4, ""phi"" => 0.1, ""b_x"" => 8.0, ""h_y"" => 0.8290227730115183, ""b_y"" => 9.0, ""s_jy"" => 0.41, ""s_x"" => 0.5, ""p_j"" => 0.55)"
0.0,0.0,0.7777777777777778,1.0,0.0,0.0,"Dict{String, Real}(""s_u"" => 0.4, ""h_x_bar"" => 1.0, ""h_x"" => 1.0, ""p_u"" => 0.6, ""s_y"" => 0.5, ""a"" => 0.1, ""h_y_bar"" => 0.8290227730115183, ""M"" => 1, ""s_jx"" => 0.4, ""phi"" => 0.1, ""b_x"" => 8.0, ""h_y"" => 0.8290227730115183, ""b_y"" => 9.0, ""s_jy"" => 0.41, ""s_x"" => 0.5, ""p_j"" => 0.55)"
0.0,0.0,0.8888888888888888,1.0,0.0,0.0,"Dict{String, Real}(""s_u"" => 0.4, ""h_x_bar"" => 1.0, ""h_x"" => 1.0, ""p_u"" => 0.6, ""s_y"" => 0.5, ""a"" => 0.1, ""h_y_bar"" => 0.8290227730115183, ""M"" => 1, ""s_jx"" => 0.4, ""phi"" => 0.1, ""b_x"" => 8.0, ""h_y"" => 0.8290227730115183, ""b_y"" => 9.0, ""s_jy"" => 0.41, ""s_x"" => 0.5, ""p_j"" => 0.55)"
0.0,0.0,1.0,1.0,0.0,0.0,"Dict{String, Real}(""s_u"" => 0.4, ""h_x_bar"" => 1.0, ""h_x"" => 1.0, ""p_u"" => 0.6, ""s_y"" => 0.5, ""a"" => 0.1, ""h_y_bar"" => 0.8290227730115183, ""M"" => 1, ""s_jx"" => 0.4, ""phi"" => 0.1, ""b_x"" => 8.0, ""h_y"" => 0.8290227730115183, ""b_y"" => 9.0, ""s_jy"" => 0.41, ""s_x"" => 0.5, ""p_j"" => 0.55)"
0.2812411922126247,0.28124115475374434,0.0,1.7777777777777777,0.0,0.0,"Dict{String, Real}(""s_u"" => 0.4, ""h_x_bar"" => 1.0, ""h_x"" => 1.0, ""p_u"" => 0.6, ""s_y"" => 0.5, ""a"" => 0.1, ""h_y_bar"" => 0.8290227730115183, ""M"" => 1, ""s_jx"" => 0.4, ""phi"" => 0.1, ""b_x"" => 8.0, ""h_y"" => 0.8290227730115183, ""b_y"" => 9.0, ""s_jy"" => 0.41, ""s_x"" => 0.5, ""p_j"" => 0.55)"
0.28124120019238974,0.2812411403784914,0.1111111111111111,1.7777777777777777,0.0,0.0,"Dict{String, Real}(""s_u"" => 0.4, ""h_x_bar"" => 1.0, ""h_x"" => 1.0, ""p_u"" => 0.6, ""s_y"" => 0.5, ""a"" => 0.1, ""h_y_bar"" => 0.8290227730115183, ""M"" => 1, ""s_jx"" => 0.4, ""phi"" => 0.1, ""b_x"" => 8.0, ""h_y"" => 0.8290227730115183, ""b_y"" => 9.0, ""s_jy"" => 0.41, ""s_x"" => 0.5, ""p_j"" => 0.55)"
0.2812411903618405,0.281241176853687,0.2222222222222222,1.7777777777777777,0.0,0.0,"Dict{String, Real}(""s_u"" => 0.4, ""h_x_bar"" => 1.0, ""h_x"" => 1.0, ""p_u"" => 0.6, ""s_y"" => 0.5, ""a"" => 0.1, ""h_y_bar"" => 0.8290227730115183, ""M"" => 1, ""s_jx"" => 0.4, ""phi"" => 0.1, ""b_x"" => 8.0, ""h_y"" => 0.8290227730115183, ""b_y"" => 9.0, ""s_jy"" => 0.41, ""s_x"" => 0.5, ""p_j"" => 0.55)"
0.2812411744132996,0.28124117907252705,0.3333333333333333,1.7777777777777777,0.0,0.0,"Dict{String, Real}(""s_u"" => 0.4, ""h_x_bar"" => 1.0, ""h_x"" => 1.0, ""p_u"" => 0.6, ""s_y"" => 0.5, ""a"" => 0.1, ""h_y_bar"" => 0.8290227730115183, ""M"" => 1, ""s_jx"" => 0.4, ""phi"" => 0.1, ""b_x"" => 8.0, ""h_y"" => 0.8290227730115183, ""b_y"" => 9.0, ""s_jy"" => 0.41, ""s_x"" => 0.5, ""p_j"" => 0.55)"
0.2812411440304627,0.2812411873489461,0.4444444444444444,1.7777777777777777,0.0,0.0,"Dict{String, Real}(""s_u"" => 0.4, ""h_x_bar"" => 1.0, ""h_x"" => 1.0, ""p_u"" => 0.6, ""s_y"" => 0.5, ""a"" => 0.1, ""h_y_bar"" => 0.8290227730115183, ""M"" => 1, ""s_jx"" => 0.4, ""phi"" => 0.1, ""b_x"" => 8.0, ""h_y"" => 0.8290227730115183, ""b_y"" => 9.0, ""s_jy"" => 0.41, ""s_x"" => 0.5, ""p_j"" => 0.55)"
0.2812411405683519,0.28124118495512385,0.5555555555555556,1.7777777777777777,0.0,0.0,"Dict{String, Real}(""s_u"" => 0.4, ""h_x_bar"" => 1.0, ""h_x"" => 1.0, ""p_u"" => 0.6, ""s_y"" => 0.5, ""a"" => 0.1, ""h_y_bar"" => 0.8290227730115183, ""M"" => 1, ""s_jx"" => 0.4, ""phi"" => 0.1, ""b_x"" => 8.0, ""h_y"" => 0.8290227730115183, ""b_y"" => 9.0, ""s_jy"" => 0.41, ""s_x"" => 0.5, ""p_j"" => 0.55)"
0.2812411395578791,0.2812411869956751,0.6666666666666666,1.7777777777777777,0.0,0.0,"Dict{String, Real}(""s_u"" => 0.4, ""h_x_bar"" => 1.0, ""h_x"" => 1.0, ""p_u"" => 0.6, ""s_y"" => 0.5, ""a"" => 0.1, ""h_y_bar"" => 0.8290227730115183, ""M"" => 1, ""s_jx"" => 0.4, ""phi"" => 0.1, ""b_x"" => 8.0, ""h_y"" => 0.8290227730115183, ""b_y"" => 9.0, ""s_jy"" => 0.41, ""s_x"" => 0.5, ""p_j"" => 0.55)"
0.28124114971063424,0.281241187436662,0.7777777777777778,1.7777777777777777,0.0,0.0,"Dict{String, Real}(""s_u"" => 0.4, ""h_x_bar"" => 1.0, ""h_x"" => 1.0, ""p_u"" => 0.6, ""s_y"" => 0.5, ""a"" => 0.1, ""h_y_bar"" => 0.8290227730115183, ""M"" => 1, ""s_jx"" => 0.4, ""phi"" => 0.1, ""b_x"" => 8.0, ""h_y"" => 0.8290227730115183, ""b_y"" => 9.0, ""s_jy"" => 0.41, ""s_x"" => 0.5, ""p_j"" => 0.55)"
0.28124115042348874,0.2812411821179543,0.8888888888888888,1.7777777777777777,0.0,0.0,"Dict{String, Real}(""s_u"" => 0.4, ""h_x_bar"" => 1.0, ""h_x"" => 1.0, ""p_u"" => 0.6, ""s_y"" => 0.5, ""a"" => 0.1, ""h_y_bar"" => 0.8290227730115183, ""M"" => 1, ""s_jx"" => 0.4, ""phi"" => 0.1, ""b_x"" => 8.0, ""h_y"" => 0.8290227730115183, ""b_y"" => 9.0, ""s_jy"" => 0.41, ""s_x"" => 0.5, ""p_j"" => 0.55)"
0.28124117651188807,0.28124114097174846,1.0,1.7777777777777777,0.0,0.0,"Dict{String, Real}(""s_u"" => 0.4, ""h_x_bar"" => 1.0, ""h_x"" => 1.0, ""p_u"" => 0.6, ""s_y"" => 0.5, ""a"" => 0.1, ""h_y_bar"" => 0.8290227730115183, ""M"" => 1, ""s_jx"" => 0.4, ""phi"" => 0.1, ""b_x"" => 8.0, ""h_y"" => 0.8290227730115183, ""b_y"" => 9.0, ""s_jy"" => 0.41, ""s_x"" => 0.5, ""p_j"" => 0.55)"
0.1956523176276482,0.19565232041795436,0.0,2.5555555555555554,0.0,0.0,"Dict{String, Real}(""s_u"" => 0.4, ""h_x_bar"" => 1.0, ""h_x"" => 1.0, ""p_u"" => 0.6, ""s_y"" => 0.5, ""a"" => 0.1, ""h_y_bar"" => 0.8290227730115183, ""M"" => 1, ""s_jx"" => 0.4, ""phi"" => 0.1, ""b_x"" => 8.0, ""h_y"" => 0.8290227730115183, ""b_y"" => 9.0, ""s_jy"" => 0.41, ""s_x"" => 0.5, ""p_j"" => 0.55)"
0.19565232574848354,0.19565232331808077,0.1111111111111111,2.5555555555555554,0.0,0.0,"Dict{String, Real}(""s_u"" => 0.4, ""h_x_bar"" => 1.0, ""h_x"" => 1.0, ""p_u"" => 0.6, ""s_y"" => 0.5, ""a"" => 0.1, ""h_y_bar"" => 0.8290227730115183, ""M"" => 1, ""s_jx"" => 0.4, ""phi"" => 0.1, ""b_x"" => 8.0, ""h_y"" => 0.8290227730115183, ""b_y"" => 9.0, ""s_jy"" => 0.41, ""s_x"" => 0.5, ""p_j"" => 0.55)"
0.19565232208531688,0.19565232065085514,0.2222222222222222,2.5555555555555554,0.0,0.0,"Dict{String, Real}(""s_u"" => 0.4, ""h_x_bar"" => 1.0, ""h_x"" => 1.0, ""p_u"" => 0.6, ""s_y"" => 0.5, ""a"" => 0.1, ""h_y_bar"" => 0.8290227730115183, ""M"" => 1, ""s_jx"" => 0.4, ""phi"" => 0.1, ""b_x"" => 8.0, ""h_y"" => 0.8290227730115183, ""b_y"" => 9.0, ""s_jy"" => 0.41, ""s_x"" => 0.5, ""p_j"" => 0.55)"
0.19565232925550394,0.19561241600509835,0.3333333333333333,2.5555555555555554,0.0014064010296658872,2.2358624616839276e-6,"Dict{String, Real}(""s_u"" => 0.4, ""h_x_bar"" => 1.0, ""h_x"" => 1.0, ""p_u"" => 0.6, ""s_y"" => 0.5, ""a"" => 0.1, ""h_y_bar"" => 0.8290227730115183, ""M"" => 1, ""s_jx"" => 0.4, ""phi"" => 0.1, ""b_x"" => 8.0, ""h_y"" => 0.8290227730115183, ""b_y"" => 9.0, ""s_jy"" => 0.41, ""s_x"" => 0.5, ""p_j"" => 0.55)"
0.19565231452382403,0.1629116206466636,0.4444444444444444,2.5555555555555554,0.659143973248956,0.49772427287192633,"Dict{String, Real}(""s_u"" => 0.4, ""h_x_bar"" => 1.0, ""h_x"" => 1.0, ""p_u"" => 0.6, ""s_y"" => 0.5, ""a"" => 0.1, ""h_y_bar"" => 0.8290227730115183, ""M"" => 1, ""s_jx"" => 0.4, ""phi"" => 0.1, ""b_x"" => 8.0, ""h_y"" => 0.8290227730115183, ""b_y"" => 9.0, ""s_jy"" => 0.41, ""s_x"" => 0.5, ""p_j"" => 0.55)"
0.1956523133523122,0.15725244131508292,0.5555555555555556,2.5555555555555554,0.7113318112460371,0.5365450111426476,"Dict{String, Real}(""s_u"" => 0.4, ""h_x_bar"" => 1.0, ""h_x"" => 1.0, ""p_u"" => 0.6, ""s_y"" => 0.5, ""a"" => 0.1, ""h_y_bar"" => 0.8290227730115183, ""M"" => 1, ""s_jx"" => 0.4, ""phi"" => 0.1, ""b_x"" => 8.0, ""h_y"" => 0.8290227730115183, ""b_y"" => 9.0, ""s_jy"" => 0.41, ""s_x"" => 0.5, ""p_j"" => 0.55)"
0.19565232622887918,0.15211095982497333,0.6666666666666666,2.5555555555555554,0.7542874084700906,0.5684713072240467,"Dict{String, Real}(""s_u"" => 0.4, ""h_x_bar"" => 1.0, ""h_x"" => 1.0, ""p_u"" => 0.6, ""s_y"" => 0.5, ""a"" => 0.1, ""h_y_bar"" => 0.8290227730115183, ""M"" => 1, ""s_jx"" => 0.4, ""phi"" => 0.1, ""b_x"" => 8.0, ""h_y"" => 0.8290227730115183, ""b_y"" => 9.0, ""s_jy"" => 0.41, ""s_x"" => 0.5, ""p_j"" => 0.55)"
0.19565231786409834,0.14736470428665233,0.7777777777777778,2.5555555555555554,0.7910778580028016,0.5958098582135891,"Dict{String, Real}(""s_u"" => 0.4, ""h_x_bar"" => 1.0, ""h_x"" => 1.0, ""p_u"" => 0.6, ""s_y"" => 0.5, ""a"" => 0.1, ""h_y_bar"" => 0.8290227730115183, ""M"" => 1, ""s_jx"" => 0.4, ""phi"" => 0.1, ""b_x"" => 8.0, ""h_y"" => 0.8290227730115183, ""b_y"" => 9.0, ""s_jy"" => 0.41, ""s_x"" => 0.5, ""p_j"" => 0.55)"
0.1956523132767296,0.14294214000616817,0.8888888888888888,2.5555555555555554,0.8234176067995826,0.6198400633625171,"Dict{String, Real}(""s_u"" => 0.4, ""h_x_bar"" => 1.0, ""h_x"" => 1.0, ""p_u"" => 0.6, ""s_y"" => 0.5, ""a"" => 0.1, ""h_y_bar"" => 0.8290227730115183, ""M"" => 1, ""s_jx"" => 0.4, ""phi"" => 0.1, ""b_x"" => 8.0, ""h_y"" => 0.8290227730115183, ""b_y"" => 9.0, ""s_jy"" => 0.41, ""s_x"" => 0.5, ""p_j"" => 0.55)"
0.19565233028813725,0.1387960473471879,1.0,2.5555555555555554,0.852364587401671,0.641351450791181,"Dict{String, Real}(""s_u"" => 0.4, ""h_x_bar"" => 1.0, ""h_x"" => 1.0, ""p_u"" => 0.6, ""s_y"" => 0.5, ""a"" => 0.1, ""h_y_bar"" => 0.8290227730115183, ""M"" => 1, ""s_jx"" => 0.4, ""phi"" => 0.1, ""b_x"" => 8.0, ""h_y"" => 0.8290227730115183, ""b_y"" => 9.0, ""s_jy"" => 0.41, ""s_x"" => 0.5, ""p_j"" => 0.55)"
0.1500000413495381,0.1500000474758432,0.0,3.3333333333333335,0.0,0.0,"Dict{String, Real}(""s_u"" => 0.4, ""h_x_bar"" => 1.0, ""h_x"" => 1.0, ""p_u"" => 0.6, ""s_y"" => 0.5, ""a"" => 0.1, ""h_y_bar"" => 0.8290227730115183, ""M"" => 1, ""s_jx"" => 0.4, ""phi"" => 0.1, ""b_x"" => 8.0, ""h_y"" => 0.8290227730115183, ""b_y"" => 9.0, ""s_jy"" => 0.41, ""s_x"" => 0.5, ""p_j"" => 0.55)"
0.15000004232347536,0.1500000473046402,0.1111111111111111,3.3333333333333335,0.0,0.0,"Dict{String, Real}(""s_u"" => 0.4, ""h_x_bar"" => 1.0, ""h_x"" => 1.0, ""p_u"" => 0.6, ""s_y"" => 0.5, ""a"" => 0.1, ""h_y_bar"" => 0.8290227730115183, ""M"" => 1, ""s_jx"" => 0.4, ""phi"" => 0.1, ""b_x"" => 8.0, ""h_y"" => 0.8290227730115183, ""b_y"" => 9.0, ""s_jy"" => 0.41, ""s_x"" => 0.5, ""p_j"" => 0.55)"
0.15000004180635423,0.15000004322921923,0.2222222222222222,3.3333333333333335,0.0,0.0,"Dict{String, Real}(""s_u"" => 0.4, ""h_x_bar"" => 1.0, ""h_x"" => 1.0, ""p_u"" => 0.6, ""s_y"" => 0.5, ""a"" => 0.1, ""h_y_bar"" => 0.8290227730115183, ""M"" => 1, ""s_jx"" => 0.4, ""phi"" => 0.1, ""b_x"" => 8.0, ""h_y"" => 0.8290227730115183, ""b_y"" => 9.0, ""s_jy"" => 0.41, ""s_x"" => 0.5, ""p_j"" => 0.55)"
0.15000003967775655,0.14997037008449476,0.3333333333333333,3.3333333333333335,0.001990448208136961,5.06118463843972e-6,"Dict{String, Real}(""s_u"" => 0.4, ""h_x_bar"" => 1.0, ""h_x"" => 1.0, ""p_u"" => 0.6, ""s_y"" => 0.5, ""a"" => 0.1, ""h_y_bar"" => 0.8290227730115183, ""M"" => 1, ""s_jx"" => 0.4, ""phi"" => 0.1, ""b_x"" => 8.0, ""h_y"" => 0.8290227730115183, ""b_y"" => 9.0, ""s_jy"" => 0.41, ""s_x"" => 0.5, ""p_j"" => 0.55)"
0.15000004700245817,0.12606997047230303,0.4444444444444444,3.3333333333333335,0.7243173615908085,0.547339157505901,"Dict{String, Real}(""s_u"" => 0.4, ""h_x_bar"" => 1.0, ""h_x"" => 1.0, ""p_u"" => 0.6, ""s_y"" => 0.5, ""a"" => 0.1, ""h_y_bar"" => 0.8290227730115183, ""M"" => 1, ""s_jx"" => 0.4, ""phi"" => 0.1, ""b_x"" => 8.0, ""h_y"" => 0.8290227730115183, ""b_y"" => 9.0, ""s_jy"" => 0.41, ""s_x"" => 0.5, ""p_j"" => 0.55)"
0.15000004450371338,0.12259993836621641,0.5555555555555556,3.3333333333333335,0.7683826628091143,0.5800742793994255,"Dict{String, Real}(""s_u"" => 0.4, ""h_x_bar"" => 1.0, ""h_x"" => 1.0, ""p_u"" => 0.6, ""s_y"" => 0.5, ""a"" => 0.1, ""h_y_bar"" => 0.8290227730115183, ""M"" => 1, ""s_jx"" => 0.4, ""phi"" => 0.1, ""b_x"" => 8.0, ""h_y"" => 0.8290227730115183, ""b_y"" => 9.0, ""s_jy"" => 0.41, ""s_x"" => 0.5, ""p_j"" => 0.55)"
0.15000004559274627,0.11938728044354911,0.6666666666666666,3.3333333333333335,0.8057589186043863,0.6078345690390022,"Dict{String, Real}(""s_u"" => 0.4, ""h_x_bar"" => 1.0, ""h_x"" => 1.0, ""p_u"" => 0.6, ""s_y"" => 0.5, ""a"" => 0.1, ""h_y_bar"" => 0.8290227730115183, ""M"" => 1, ""s_jx"" => 0.4, ""phi"" => 0.1, ""b_x"" => 8.0, ""h_y"" => 0.8290227730115183, ""b_y"" => 9.0, ""s_jy"" => 0.41, ""s_x"" => 0.5, ""p_j"" => 0.55)"
0.1500000410518384,0.11637916574018217,0.7777777777777778,3.3333333333333335,0.8383953327787653,0.6320776963981534,"Dict{String, Real}(""s_u"" => 0.4, ""h_x_bar"" => 1.0, ""h_x"" => 1.0, ""p_u"" => 0.6, ""s_y"" => 0.5, ""a"" => 0.1, ""h_y_bar"" => 0.8290227730115183, ""M"" => 1, ""s_jx"" => 0.4, ""phi"" => 0.1, ""b_x"" => 8.0, ""h_y"" => 0.8290227730115183, ""b_y"" => 9.0, ""s_jy"" => 0.41, ""s_x"" => 0.5, ""p_j"" => 0.55)"
0.15000004663127536,0.11354253971915171,0.8888888888888888,3.3333333333333335,0.8674700538903098,0.6536808427742227,"Dict{String, Real}(""s_u"" => 0.4, ""h_x_bar"" => 1.0, ""h_x"" => 1.0, ""p_u"" => 0.6, ""s_y"" => 0.5, ""a"" => 0.1, ""h_y_bar"" => 0.8290227730115183, ""M"" => 1, ""s_jx"" => 0.4, ""phi"" => 0.1, ""b_x"" => 8.0, ""h_y"" => 0.8290227730115183, ""b_y"" => 9.0, ""s_jy"" => 0.41, ""s_x"" => 0.5, ""p_j"" => 0.55)"
0.15000004543324427,0.11085472075285217,1.0,3.3333333333333335,0.8937548999561652,0.6732162278045404,"Dict{String, Real}(""s_u"" => 0.4, ""h_x_bar"" => 1.0, ""h_x"" => 1.0, ""p_u"" => 0.6, ""s_y"" => 0.5, ""a"" => 0.1, ""h_y_bar"" => 0.8290227730115183, ""M"" => 1, ""s_jx"" => 0.4, ""phi"" => 0.1, ""b_x"" => 8.0, ""h_y"" => 0.8290227730115183, ""b_y"" => 9.0, ""s_jy"" => 0.41, ""s_x"" => 0.5, ""p_j"" => 0.55)"
0.12162164229099853,0.12162164051542526,0.0,4.111111111111111,0.0,0.0,"Dict{String, Real}(""s_u"" => 0.4, ""h_x_bar"" => 1.0, ""h_x"" => 1.0, ""p_u"" => 0.6, ""s_y"" => 0.5, ""a"" => 0.1, ""h_y_bar"" => 0.8290227730115183, ""M"" => 1, ""s_jx"" => 0.4, ""phi"" => 0.1, ""b_x"" => 8.0, ""h_y"" => 0.8290227730115183, ""b_y"" => 9.0, ""s_jy"" => 0.41, ""s_x"" => 0.5, ""p_j"" => 0.55)"
0.12162164198837364,0.12162163976676485,0.1111111111111111,4.111111111111111,0.0,0.0,"Dict{String, Real}(""s_u"" => 0.4, ""h_x_bar"" => 1.0, ""h_x"" => 1.0, ""p_u"" => 0.6, ""s_y"" => 0.5, ""a"" => 0.1, ""h_y_bar"" => 0.8290227730115183, ""M"" => 1, ""s_jx"" => 0.4, ""phi"" => 0.1, ""b_x"" => 8.0, ""h_y"" => 0.8290227730115183, ""b_y"" => 9.0, ""s_jy"" => 0.41, ""s_x"" => 0.5, ""p_j"" => 0.55)"
0.12162163947230824,0.12162164161714806,0.2222222222222222,4.111111111111111,0.0,0.0,"Dict{String, Real}(""s_u"" => 0.4, ""h_x_bar"" => 1.0, ""h_x"" => 1.0, ""p_u"" => 0.6, ""s_y"" => 0.5, ""a"" => 0.1, ""h_y_bar"" => 0.8290227730115183, ""M"" => 1, ""s_jx"" => 0.4, ""phi"" => 0.1, ""b_x"" => 8.0, ""h_y"" => 0.8290227730115183, ""b_y"" => 9.0, ""s_jy"" => 0.41, ""s_x"" => 0.5, ""p_j"" => 0.55)"
0.12162164179233462,0.12160221608257392,0.3333333333333333,4.111111111111111,0.0022453054215229593,6.972409557280406e-6,"Dict{String, Real}(""s_u"" => 0.4, ""h_x_bar"" => 1.0, ""h_x"" => 1.0, ""p_u"" => 0.6, ""s_y"" => 0.5, ""a"" => 0.1, ""h_y_bar"" => 0.8290227730115183, ""M"" => 1, ""s_jx"" => 0.4, ""phi"" => 0.1, ""b_x"" => 8.0, ""h_y"" => 0.8290227730115183, ""b_y"" => 9.0, ""s_jy"" => 0.41, ""s_x"" => 0.5, ""p_j"" => 0.55)"
0.12162164070755513,0.10253488017258287,0.4444444444444444,4.111111111111111,0.7839033390266806,0.5922089185506155,"Dict{String, Real}(""s_u"" => 0.4, ""h_x_bar"" => 1.0, ""h_x"" => 1.0, ""p_u"" => 0.6, ""s_y"" => 0.5, ""a"" => 0.1, ""h_y_bar"" => 0.8290227730115183, ""M"" => 1, ""s_jx"" => 0.4, ""phi"" => 0.1, ""b_x"" => 8.0, ""h_y"" => 0.8290227730115183, ""b_y"" => 9.0, ""s_jy"" => 0.41, ""s_x"" => 0.5, ""p_j"" => 0.55)"
0.12162163985237907,0.10019975118519314,0.5555555555555556,4.111111111111111,0.8214478087149104,0.6200922837149007,"Dict{String, Real}(""s_u"" => 0.4, ""h_x_bar"" => 1.0, ""h_x"" => 1.0, ""p_u"" => 0.6, ""s_y"" => 0.5, ""a"" => 0.1, ""h_y_bar"" => 0.8290227730115183, ""M"" => 1, ""s_jx"" => 0.4, ""phi"" => 0.1, ""b_x"" => 8.0, ""h_y"" => 0.8290227730115183, ""b_y"" => 9.0, ""s_jy"" => 0.41, ""s_x"" => 0.5, ""p_j"" => 0.55)"
0.12162164138536818,0.0980090023809547,0.6666666666666666,4.111111111111111,0.8540727550610335,0.6443261201893814,"Dict{String, Real}(""s_u"" => 0.4, ""h_x_bar"" => 1.0, ""h_x"" => 1.0, ""p_u"" => 0.6, ""s_y"" => 0.5, ""a"" => 0.1, ""h_y_bar"" => 0.8290227730115183, ""M"" => 1, ""s_jx"" => 0.4, ""phi"" => 0.1, ""b_x"" => 8.0, ""h_y"" => 0.8290227730115183, ""b_y"" => 9.0, ""s_jy"" => 0.41, ""s_x"" => 0.5, ""p_j"" => 0.55)"
0.12162164164925647,0.09593677134089952,0.7777777777777778,4.111111111111111,0.8830471989076847,0.6658526945520806,"Dict{String, Real}(""s_u"" => 0.4, ""h_x_bar"" => 1.0, ""h_x"" => 1.0, ""p_u"" => 0.6, ""s_y"" => 0.5, ""a"" => 0.1, ""h_y_bar"" => 0.8290227730115183, ""M"" => 1, ""s_jx"" => 0.4, ""phi"" => 0.1, ""b_x"" => 8.0, ""h_y"" => 0.8290227730115183, ""b_y"" => 9.0, ""s_jy"" => 0.41, ""s_x"" => 0.5, ""p_j"" => 0.55)"
0.12162164270122534,0.09396608065102541,0.8888888888888888,4.111111111111111,0.9091730974243174,0.6852726908567711,"Dict{String, Real}(""s_u"" => 0.4, ""h_x_bar"" => 1.0, ""h_x"" => 1.0, ""p_u"" => 0.6, ""s_y"" => 0.5, ""a"" => 0.1, ""h_y_bar"" => 0.8290227730115183, ""M"" => 1, ""s_jx"" => 0.4, ""phi"" => 0.1, ""b_x"" => 8.0, ""h_y"" => 0.8290227730115183, ""b_y"" => 9.0, ""s_jy"" => 0.41, ""s_x"" => 0.5, ""p_j"" => 0.55)"
0.12162163948591714,0.0920845598339069,1.0,4.111111111111111,0.9330301567204581,0.7030046552384049,"Dict{String, Real}(""s_u"" => 0.4, ""h_x_bar"" => 1.0, ""h_x"" => 1.0, ""p_u"" => 0.6, ""s_y"" => 0.5, ""a"" => 0.1, ""h_y_bar"" => 0.8290227730115183, ""M"" => 1, ""s_jx"" => 0.4, ""phi"" => 0.1, ""b_x"" => 8.0, ""h_y"" => 0.8290227730115183, ""b_y"" => 9.0, ""s_jy"" => 0.41, ""s_x"" => 0.5, ""p_j"" => 0.55)"
0.10227273751020304,0.10227273649536324,0.0,4.888888888888889,0.0,0.0,"Dict{String, Real}(""s_u"" => 0.4, ""h_x_bar"" => 1.0, ""h_x"" => 1.0, ""p_u"" => 0.6, ""s_y"" => 0.5, ""a"" => 0.1, ""h_y_bar"" => 0.8290227730115183, ""M"" => 1, ""s_jx"" => 0.4, ""phi"" => 0.1, ""b_x"" => 8.0, ""h_y"" => 0.8290227730115183, ""b_y"" => 9.0, ""s_jy"" => 0.41, ""s_x"" => 0.5, ""p_j"" => 0.55)"
0.10227273654396932,0.10227273814402574,0.1111111111111111,4.888888888888889,0.0,0.0,"Dict{String, Real}(""s_u"" => 0.4, ""h_x_bar"" => 1.0, ""h_x"" => 1.0, ""p_u"" => 0.6, ""s_y"" => 0.5, ""a"" => 0.1, ""h_y_bar"" => 0.8290227730115183, ""M"" => 1, ""s_jx"" => 0.4, ""phi"" => 0.1, ""b_x"" => 8.0, ""h_y"" => 0.8290227730115183, ""b_y"" => 9.0, ""s_jy"" => 0.41, ""s_x"" => 0.5, ""p_j"" => 0.55)"
0.10227273790818737,0.10227273786376234,0.2222222222222222,4.888888888888889,0.0,0.0,"Dict{String, Real}(""s_u"" => 0.4, ""h_x_bar"" => 1.0, ""h_x"" => 1.0, ""p_u"" => 0.6, ""s_y"" => 0.5, ""a"" => 0.1, ""h_y_bar"" => 0.8290227730115183, ""M"" => 1, ""s_jx"" => 0.4, ""phi"" => 0.1, ""b_x"" => 8.0, ""h_y"" => 0.8290227730115183, ""b_y"" => 9.0, ""s_jy"" => 0.41, ""s_x"" => 0.5, ""p_j"" => 0.55)"
0.10227273762652109,0.10225988351790738,0.3333333333333333,4.888888888888889,0.0024222039154093884,8.605093630140157e-6,"Dict{String, Real}(""s_u"" => 0.4, ""h_x_bar"" => 1.0, ""h_x"" => 1.0, ""p_u"" => 0.6, ""s_y"" => 0.5, ""a"" => 0.1, ""h_y_bar"" => 0.8290227730115183, ""M"" => 1, ""s_jx"" => 0.4, ""phi"" => 0.1, ""b_x"" => 8.0, ""h_y"" => 0.8290227730115183, ""b_y"" => 9.0, ""s_jy"" => 0.41, ""s_x"" => 0.5, ""p_j"" => 0.55)"
0.1022727375132548,0.08623934479166254,0.4444444444444444,4.888888888888889,0.8380115263386482,0.6327492522673355,"Dict{String, Real}(""s_u"" => 0.4, ""h_x_bar"" => 1.0, ""h_x"" => 1.0, ""p_u"" => 0.6, ""s_y"" => 0.5, ""a"" => 0.1, ""h_y_bar"" => 0.8290227730115183, ""M"" => 1, ""s_jx"" => 0.4, ""phi"" => 0.1, ""b_x"" => 8.0, ""h_y"" => 0.8290227730115183, ""b_y"" => 9.0, ""s_jy"" => 0.41, ""s_x"" => 0.5, ""p_j"" => 0.55)"
0.10227273647239107,0.08456569926393083,0.5555555555555556,4.888888888888889,0.8703686454683572,0.656782462937421,"Dict{String, Real}(""s_u"" => 0.4, ""h_x_bar"" => 1.0, ""h_x"" => 1.0, ""p_u"" => 0.6, ""s_y"" => 0.5, ""a"" => 0.1, ""h_y_bar"" => 0.8290227730115183, ""M"" => 1, ""s_jx"" => 0.4, ""phi"" => 0.1, ""b_x"" => 8.0, ""h_y"" => 0.8290227730115183, ""b_y"" => 9.0, ""s_jy"" => 0.41, ""s_x"" => 0.5, ""p_j"" => 0.55)"
0.1022727373584312,0.08298009199849342,0.6666666666666666,4.888888888888889,0.899026381793157,0.6780824587686272,"Dict{String, Real}(""s_u"" => 0.4, ""h_x_bar"" => 1.0, ""h_x"" => 1.0, ""p_u"" => 0.6, ""s_y"" => 0.5, ""a"" => 0.1, ""h_y_bar"" => 0.8290227730115183, ""M"" => 1, ""s_jx"" => 0.4, ""phi"" => 0.1, ""b_x"" => 8.0, ""h_y"" => 0.8290227730115183, ""b_y"" => 9.0, ""s_jy"" => 0.41, ""s_x"" => 0.5, ""p_j"" => 0.55)"
0.10227273773543101,0.08146860185458432,0.7777777777777778,4.888888888888889,0.9248535457613897,0.6972779357241087,"Dict{String, Real}(""s_u"" => 0.4, ""h_x_bar"" => 1.0, ""h_x"" => 1.0, ""p_u"" => 0.6, ""s_y"" => 0.5, ""a"" => 0.1, ""h_y_bar"" => 0.8290227730115183, ""M"" => 1, ""s_jx"" => 0.4, ""phi"" => 0.1, ""b_x"" => 8.0, ""h_y"" => 0.8290227730115183, ""b_y"" => 9.0, ""s_jy"" => 0.41, ""s_x"" => 0.5, ""p_j"" => 0.55)"
0.10227273843686896,0.08002173437552,0.8888888888888888,4.888888888888889,0.9484158148021785,0.7147882354406279,"Dict{String, Real}(""s_u"" => 0.4, ""h_x_bar"" => 1.0, ""h_x"" => 1.0, ""p_u"" => 0.6, ""s_y"" => 0.5, ""a"" => 0.1, ""h_y_bar"" => 0.8290227730115183, ""M"" => 1, ""s_jx"" => 0.4, ""phi"" => 0.1, ""b_x"" => 8.0, ""h_y"" => 0.8290227730115183, ""b_y"" => 9.0, ""s_jy"" => 0.41, ""s_x"" => 0.5, ""p_j"" => 0.55)"
0.1022727378329463,0.07863263533851061,1.0,4.888888888888889,0.9700840614235695,0.7309077859153351,"Dict{String, Real}(""s_u"" => 0.4, ""h_x_bar"" => 1.0, ""h_x"" => 1.0, ""p_u"" => 0.6, ""s_y"" => 0.5, ""a"" => 0.1, ""h_y_bar"" => 0.8290227730115183, ""M"" => 1, ""s_jx"" => 0.4, ""phi"" => 0.1, ""b_x"" => 8.0, ""h_y"" => 0.8290227730115183, ""b_y"" => 9.0, ""s_jy"" => 0.41, ""s_x"" => 0.5, ""p_j"" => 0.55)"
0.08823529991847139,0.08823530009517665,0.0,5.666666666666667,0.0,0.0,"Dict{String, Real}(""s_u"" => 0.4, ""h_x_bar"" => 1.0, ""h_x"" => 1.0, ""p_u"" => 0.6, ""s_y"" => 0.5, ""a"" => 0.1, ""h_y_bar"" => 0.8290227730115183, ""M"" => 1, ""s_jx"" => 0.4, ""phi"" => 0.1, ""b_x"" => 8.0, ""h_y"" => 0.8290227730115183, ""b_y"" => 9.0, ""s_jy"" => 0.41, ""s_x"" => 0.5, ""p_j"" => 0.55)"
0.08823530058155173,0.08823530094343497,0.1111111111111111,5.666666666666667,0.0,0.0,"Dict{String, Real}(""s_u"" => 0.4, ""h_x_bar"" => 1.0, ""h_x"" => 1.0, ""p_u"" => 0.6, ""s_y"" => 0.5, ""a"" => 0.1, ""h_y_bar"" => 0.8290227730115183, ""M"" => 1, ""s_jx"" => 0.4, ""phi"" => 0.1, ""b_x"" => 8.0, ""h_y"" => 0.8290227730115183, ""b_y"" => 9.0, ""s_jy"" => 0.41, ""s_x"" => 0.5, ""p_j"" => 0.55)"
0.08823530026118553,0.08823529995964172,0.2222222222222222,5.666666666666667,0.0,0.0,"Dict{String, Real}(""s_u"" => 0.4, ""h_x_bar"" => 1.0, ""h_x"" => 1.0, ""p_u"" => 0.6, ""s_y"" => 0.5, ""a"" => 0.1, ""h_y_bar"" => 0.8290227730115183, ""M"" => 1, ""s_jx"" => 0.4, ""phi"" => 0.1, ""b_x"" => 8.0, ""h_y"" => 0.8290227730115183, ""b_y"" => 9.0, ""s_jy"" => 0.41, ""s_x"" => 0.5, ""p_j"" => 0.55)"
0.08823529991553171,0.08822665846409551,0.3333333333333333,5.666666666666667,0.0025818305596232933,1.0283316688241023e-5,"Dict{String, Real}(""s_u"" => 0.4, ""h_x_bar"" => 1.0, ""h_x"" => 1.0, ""p_u"" => 0.6, ""s_y"" => 0.5, ""a"" => 0.1, ""h_y_bar"" => 0.8290227730115183, ""M"" => 1, ""s_jx"" => 0.4, ""phi"" => 0.1, ""b_x"" => 8.0, ""h_y"" => 0.8290227730115183, ""b_y"" => 9.0, ""s_jy"" => 0.41, ""s_x"" => 0.5, ""p_j"" => 0.55)"
0.08823530001396028,0.07430875021559845,0.4444444444444444,5.666666666666667,0.8871577356810243,0.6694749948821319,"Dict{String, Real}(""s_u"" => 0.4, ""h_x_bar"" => 1.0, ""h_x"" => 1.0, ""p_u"" => 0.6, ""s_y"" => 0.5, ""a"" => 0.1, ""h_y_bar"" => 0.8290227730115183, ""M"" => 1, ""s_jx"" => 0.4, ""phi"" => 0.1, ""b_x"" => 8.0, ""h_y"" => 0.8290227730115183, ""b_y"" => 9.0, ""s_jy"" => 0.41, ""s_x"" => 0.5, ""p_j"" => 0.55)"
0.08823530048446757,0.07305322184839243,0.5555555555555556,5.666666666666667,0.9153379196628965,0.6904292506930594,"Dict{String, Real}(""s_u"" => 0.4, ""h_x_bar"" => 1.0, ""h_x"" => 1.0, ""p_u"" => 0.6, ""s_y"" => 0.5, ""a"" => 0.1, ""h_y_bar"" => 0.8290227730115183, ""M"" => 1, ""s_jx"" => 0.4, ""phi"" => 0.1, ""b_x"" => 8.0, ""h_y"" => 0.8290227730115183, ""b_y"" => 9.0, ""s_jy"" => 0.41, ""s_x"" => 0.5, ""p_j"" => 0.55)"
0.08823529966661658,0.07185447285373246,0.6666666666666666,5.666666666666667,0.9407391852130286,0.70930704638047,"Dict{String, Real}(""s_u"" => 0.4, ""h_x_bar"" => 1.0, ""h_x"" => 1.0, ""p_u"" => 0.6, ""s_y"" => 0.5, ""a"" => 0.1, ""h_y_bar"" => 0.8290227730115183, ""M"" => 1, ""s_jx"" => 0.4, ""phi"" => 0.1, ""b_x"" => 8.0, ""h_y"" => 0.8290227730115183, ""b_y"" => 9.0, ""s_jy"" => 0.41, ""s_x"" => 0.5, ""p_j"" => 0.55)"
0.08823530058333484,0.07070490015430377,0.7777777777777778,5.666666666666667,0.9639008528425143,0.7265221245967634,"Dict{String, Real}(""s_u"" => 0.4, ""h_x_bar"" => 1.0, ""h_x"" => 1.0, ""p_u"" => 0.6, ""s_y"" => 0.5, ""a"" => 0.1, ""h_y_bar"" => 0.8290227730115183, ""M"" => 1, ""s_jx"" => 0.4, ""phi"" => 0.1, ""b_x"" => 8.0, ""h_y"" => 0.8290227730115183, ""b_y"" => 9.0, ""s_jy"" => 0.41, ""s_x"" => 0.5, ""p_j"" => 0.55)"
0.08823529968410056,0.06959919376148754,0.8888888888888888,5.666666666666667,0.985150560662414,0.7423595148774791,"Dict{String, Real}(""s_u"" => 0.4, ""h_x_bar"" => 1.0, ""h_x"" => 1.0, ""p_u"" => 0.6, ""s_y"" => 0.5, ""a"" => 0.1, ""h_y_bar"" => 0.8290227730115183, ""M"" => 1, ""s_jx"" => 0.4, ""phi"" => 0.1, ""b_x"" => 8.0, ""h_y"" => 0.8290227730115183, ""b_y"" => 9.0, ""s_jy"" => 0.41, ""s_x"" => 0.5, ""p_j"" => 0.55)"
0.08823530086019656,0.06852944971032092,1.0,5.666666666666667,1.0,0.757480122381677,"Dict{String, Real}(""s_u"" => 0.4, ""h_x_bar"" => 1.0, ""h_x"" => 1.0, ""p_u"" => 0.6, ""s_y"" => 0.5, ""a"" => 0.1, ""h_y_bar"" => 0.8290227730115183, ""M"" => 1, ""s_jx"" => 0.4, ""phi"" => 0.1, ""b_x"" => 8.0, ""h_y"" => 0.8290227730115183, ""b_y"" => 9.0, ""s_jy"" => 0.41, ""s_x"" => 0.5, ""p_j"" => 0.55)"
0.07758621062874203,0.07758621112257258,0.0,6.444444444444445,0.0,0.0,"Dict{String, Real}(""s_u"" => 0.4, ""h_x_bar"" => 1.0, ""h_x"" => 1.0, ""p_u"" => 0.6, ""s_y"" => 0.5, ""a"" => 0.1, ""h_y_bar"" => 0.8290227730115183, ""M"" => 1, ""s_jx"" => 0.4, ""phi"" => 0.1, ""b_x"" => 8.0, ""h_y"" => 0.8290227730115183, ""b_y"" => 9.0, ""s_jy"" => 0.41, ""s_x"" => 0.5, ""p_j"" => 0.55)"
0.07758621086825512,0.07758621097809379,0.1111111111111111,6.444444444444445,0.0,0.0,"Dict{String, Real}(""s_u"" => 0.4, ""h_x_bar"" => 1.0, ""h_x"" => 1.0, ""p_u"" => 0.6, ""s_y"" => 0.5, ""a"" => 0.1, ""h_y_bar"" => 0.8290227730115183, ""M"" => 1, ""s_jx"" => 0.4, ""phi"" => 0.1, ""b_x"" => 8.0, ""h_y"" => 0.8290227730115183, ""b_y"" => 9.0, ""s_jy"" => 0.41, ""s_x"" => 0.5, ""p_j"" => 0.55)"
0.07758621091706085,0.07758621081905957,0.2222222222222222,6.444444444444445,0.0,0.0,"Dict{String, Real}(""s_u"" => 0.4, ""h_x_bar"" => 1.0, ""h_x"" => 1.0, ""p_u"" => 0.6, ""s_y"" => 0.5, ""a"" => 0.1, ""h_y_bar"" => 0.8290227730115183, ""M"" => 1, ""s_jx"" => 0.4, ""phi"" => 0.1, ""b_x"" => 8.0, ""h_y"" => 0.8290227730115183, ""b_y"" => 9.0, ""s_jy"" => 0.41, ""s_x"" => 0.5, ""p_j"" => 0.55)"
0.07758621086902938,0.07758040553900285,0.3333333333333333,6.444444444444445,0.002734879697415314,1.2057395607211168e-5,"Dict{String, Real}(""s_u"" => 0.4, ""h_x_bar"" => 1.0, ""h_x"" => 1.0, ""p_u"" => 0.6, ""s_y"" => 0.5, ""a"" => 0.1, ""h_y_bar"" => 0.8290227730115183, ""M"" => 1, ""s_jx"" => 0.4, ""phi"" => 0.1, ""b_x"" => 8.0, ""h_y"" => 0.8290227730115183, ""b_y"" => 9.0, ""s_jy"" => 0.41, ""s_x"" => 0.5, ""p_j"" => 0.55)"
0.07758621057604634,0.06520822192115311,0.4444444444444444,6.444444444444445,0.931909247171375,0.7028897328182323,"Dict{String, Real}(""s_u"" => 0.4, ""h_x_bar"" => 1.0, ""h_x"" => 1.0, ""p_u"" => 0.6, ""s_y"" => 0.5, ""a"" => 0.1, ""h_y_bar"" => 0.8290227730115183, ""M"" => 1, ""s_jx"" => 0.4, ""phi"" => 0.1, ""b_x"" => 8.0, ""h_y"" => 0.8290227730115183, ""b_y"" => 9.0, ""s_jy"" => 0.41, ""s_x"" => 0.5, ""p_j"" => 0.55)"
0.07758621069663249,0.06423281014832793,0.5555555555555556,6.444444444444445,0.9567671732846783,0.7213720758615086,"Dict{String, Real}(""s_u"" => 0.4, ""h_x_bar"" => 1.0, ""h_x"" => 1.0, ""p_u"" => 0.6, ""s_y"" => 0.5, ""a"" => 0.1, ""h_y_bar"" => 0.8290227730115183, ""M"" => 1, ""s_jx"" => 0.4, ""phi"" => 0.1, ""b_x"" => 8.0, ""h_y"" => 0.8290227730115183, ""b_y"" => 9.0, ""s_jy"" => 0.41, ""s_x"" => 0.5, ""p_j"" => 0.55)"
0.0775862110224765,0.06329611137655186,0.6666666666666666,6.444444444444445,0.9794405126394692,0.7382316736197428,"Dict{String, Real}(""s_u"" => 0.4, ""h_x_bar"" => 1.0, ""h_x"" => 1.0, ""p_u"" => 0.6, ""s_y"" => 0.5, ""a"" => 0.1, ""h_y_bar"" => 0.8290227730115183, ""M"" => 1, ""s_jx"" => 0.4, ""phi"" => 0.1, ""b_x"" => 8.0, ""h_y"" => 0.8290227730115183, ""b_y"" => 9.0, ""s_jy"" => 0.41, ""s_x"" => 0.5, ""p_j"" => 0.55)"
0.0775862108141808,0.06238918005531692,0.7777777777777778,6.444444444444445,1.0,0.7540380697005945,"Dict{String, Real}(""s_u"" => 0.4, ""h_x_bar"" => 1.0, ""h_x"" => 1.0, ""p_u"" => 0.6, ""s_y"" => 0.5, ""a"" => 0.1, ""h_y_bar"" => 0.8290227730115183, ""M"" => 1, ""s_jx"" => 0.4, ""phi"" => 0.1, ""b_x"" => 8.0, ""h_y"" => 0.8290227730115183, ""b_y"" => 9.0, ""s_jy"" => 0.41, ""s_x"" => 0.5, ""p_j"" => 0.55)"
0.07758621035700496,0.06152289908653322,0.8888888888888888,6.444444444444445,1.0,0.7689957883832939,"Dict{String, Real}(""s_u"" => 0.4, ""h_x_bar"" => 1.0, ""h_x"" => 1.0, ""p_u"" => 0.6, ""s_y"" => 0.5, ""a"" => 0.1, ""h_y_bar"" => 0.8290227730115183, ""M"" => 1, ""s_jx"" => 0.4, ""phi"" => 0.1, ""b_x"" => 8.0, ""h_y"" => 0.8290227730115183, ""b_y"" => 9.0, ""s_jy"" => 0.41, ""s_x"" => 0.5, ""p_j"" => 0.55)"
0.07758621129793423,0.0606853473440092,1.0,6.444444444444445,1.0,0.7829406002178914,"Dict{String, Real}(""s_u"" => 0.4, ""h_x_bar"" => 1.0, ""h_x"" => 1.0, ""p_u"" => 0.6, ""s_y"" => 0.5, ""a"" => 0.1, ""h_y_bar"" => 0.8290227730115183, ""M"" => 1, ""s_jx"" => 0.4, ""phi"" => 0.1, ""b_x"" => 8.0, ""h_y"" => 0.8290227730115183, ""b_y"" => 9.0, ""s_jy"" => 0.41, ""s_x"" => 0.5, ""p_j"" => 0.55)"
0.06923077227796669,0.06923077159861467,0.0,7.222222222222222,0.0,0.0,"Dict{String, Real}(""s_u"" => 0.4, ""h_x_bar"" => 1.0, ""h_x"" => 1.0, ""p_u"" => 0.6, ""s_y"" => 0.5, ""a"" => 0.1, ""h_y_bar"" => 0.8290227730115183, ""M"" => 1, ""s_jx"" => 0.4, ""phi"" => 0.1, ""b_x"" => 8.0, ""h_y"" => 0.8290227730115183, ""b_y"" => 9.0, ""s_jy"" => 0.41, ""s_x"" => 0.5, ""p_j"" => 0.55)"
0.06923077180745559,0.06923077178192882,0.1111111111111111,7.222222222222222,0.0,0.0,"Dict{String, Real}(""s_u"" => 0.4, ""h_x_bar"" => 1.0, ""h_x"" => 1.0, ""p_u"" => 0.6, ""s_y"" => 0.5, ""a"" => 0.1, ""h_y_bar"" => 0.8290227730115183, ""M"" => 1, ""s_jx"" => 0.4, ""phi"" => 0.1, ""b_x"" => 8.0, ""h_y"" => 0.8290227730115183, ""b_y"" => 9.0, ""s_jy"" => 0.41, ""s_x"" => 0.5, ""p_j"" => 0.55)"
0.06923077170398637,0.06923077190353429,0.2222222222222222,7.222222222222222,0.0,0.0,"Dict{String, Real}(""s_u"" => 0.4, ""h_x_bar"" => 1.0, ""h_x"" => 1.0, ""p_u"" => 0.6, ""s_y"" => 0.5, ""a"" => 0.1, ""h_y_bar"" => 0.8290227730115183, ""M"" => 1, ""s_jx"" => 0.4, ""phi"" => 0.1, ""b_x"" => 8.0, ""h_y"" => 0.8290227730115183, ""b_y"" => 9.0, ""s_jy"" => 0.41, ""s_x"" => 0.5, ""p_j"" => 0.55)"
0.06923077182486813,0.06922695378479893,0.3333333333333333,7.222222222222222,0.0028927666346159676,1.4052400306983808e-5,"Dict{String, Real}(""s_u"" => 0.4, ""h_x_bar"" => 1.0, ""h_x"" => 1.0, ""p_u"" => 0.6, ""s_y"" => 0.5, ""a"" => 0.1, ""h_y_bar"" => 0.8290227730115183, ""M"" => 1, ""s_jx"" => 0.4, ""phi"" => 0.1, ""b_x"" => 8.0, ""h_y"" => 0.8290227730115183, ""b_y"" => 9.0, ""s_jy"" => 0.41, ""s_x"" => 0.5, ""p_j"" => 0.55)"
0.06923077227250367,0.0580443873746685,0.4444444444444444,7.222222222222222,0.972894555225276,0.7334641260785493,"Dict{String, Real}(""s_u"" => 0.4, ""h_x_bar"" => 1.0, ""h_x"" => 1.0, ""p_u"" => 0.6, ""s_y"" => 0.5, ""a"" => 0.1, ""h_y_bar"" => 0.8290227730115183, ""M"" => 1, ""s_jx"" => 0.4, ""phi"" => 0.1, ""b_x"" => 8.0, ""h_y"" => 0.8290227730115183, ""b_y"" => 9.0, ""s_jy"" => 0.41, ""s_x"" => 0.5, ""p_j"" => 0.55)"
0.0692307717715023,0.05726566719595495,0.5555555555555556,7.222222222222222,0.9950255901113524,0.7499249703944181,"Dict{String, Real}(""s_u"" => 0.4, ""h_x_bar"" => 1.0, ""h_x"" => 1.0, ""p_u"" => 0.6, ""s_y"" => 0.5, ""a"" => 0.1, ""h_y_bar"" => 0.8290227730115183, ""M"" => 1, ""s_jx"" => 0.4, ""phi"" => 0.1, ""b_x"" => 8.0, ""h_y"" => 0.8290227730115183, ""b_y"" => 9.0, ""s_jy"" => 0.41, ""s_x"" => 0.5, ""p_j"" => 0.55)"
0.06923077175377854,0.05651310131660711,0.6666666666666666,7.222222222222222,1.0,0.7657932877602516,"Dict{String, Real}(""s_u"" => 0.4, ""h_x_bar"" => 1.0, ""h_x"" => 1.0, ""p_u"" => 0.6, ""s_y"" => 0.5, ""a"" => 0.1, ""h_y_bar"" => 0.8290227730115183, ""M"" => 1, ""s_jx"" => 0.4, ""phi"" => 0.1, ""b_x"" => 8.0, ""h_y"" => 0.8290227730115183, ""b_y"" => 9.0, ""s_jy"" => 0.41, ""s_x"" => 0.5, ""p_j"" => 0.55)"
0.06923077191079807,0.05579090986326296,0.7777777777777778,7.222222222222222,1.0,0.7803663265465208,"Dict{String, Real}(""s_u"" => 0.4, ""h_x_bar"" => 1.0, ""h_x"" => 1.0, ""p_u"" => 0.6, ""s_y"" => 0.5, ""a"" => 0.1, ""h_y_bar"" => 0.8290227730115183, ""M"" => 1, ""s_jx"" => 0.4, ""phi"" => 0.1, ""b_x"" => 8.0, ""h_y"" => 0.8290227730115183, ""b_y"" => 9.0, ""s_jy"" => 0.41, ""s_x"" => 0.5, ""p_j"" => 0.55)"
0.06923077214148843,0.05509165056489354,0.8888888888888888,7.222222222222222,1.0,0.7939675769576942,"Dict{String, Real}(""s_u"" => 0.4, ""h_x_bar"" => 1.0, ""h_x"" => 1.0, ""p_u"" => 0.6, ""s_y"" => 0.5, ""a"" => 0.1, ""h_y_bar"" => 0.8290227730115183, ""M"" => 1, ""s_jx"" => 0.4, ""phi"" => 0.1, ""b_x"" => 8.0, ""h_y"" => 0.8290227730115183, ""b_y"" => 9.0, ""s_jy"" => 0.41, ""s_x"" => 0.5, ""p_j"" => 0.55)"
0.06923077157031429,0.05441331646757764,1.0,7.222222222222222,1.0,0.8067303609998042,"Dict{String, Real}(""s_u"" => 0.4, ""h_x_bar"" => 1.0, ""h_x"" => 1.0, ""p_u"" => 0.6, ""s_y"" => 0.5, ""a"" => 0.1, ""h_y_bar"" => 0.8290227730115183, ""M"" => 1, ""s_jx"" => 0.4, ""phi"" => 0.1, ""b_x"" => 8.0, ""h_y"" => 0.8290227730115183, ""b_y"" => 9.0, ""s_jy"" => 0.41, ""s_x"" => 0.5, ""p_j"" => 0.55)"
0.06250000167442582,0.06250000218261238,0.0,8.0,0.0,0.0,"Dict{String, Real}(""s_u"" => 0.4, ""h_x_bar"" => 1.0, ""h_x"" => 1.0, ""p_u"" => 0.6, ""s_y"" => 0.5, ""a"" => 0.1, ""h_y_bar"" => 0.8290227730115183, ""M"" => 1, ""s_jx"" => 0.4, ""phi"" => 0.1, ""b_x"" => 8.0, ""h_y"" => 0.8290227730115183, ""b_y"" => 9.0, ""s_jy"" => 0.41, ""s_x"" => 0.5, ""p_j"" => 0.55)"
0.0625000020253821,0.0625000019569181,0.1111111111111111,8.0,0.0,0.0,"Dict{String, Real}(""s_u"" => 0.4, ""h_x_bar"" => 1.0, ""h_x"" => 1.0, ""p_u"" => 0.6, ""s_y"" => 0.5, ""a"" => 0.1, ""h_y_bar"" => 0.8290227730115183, ""M"" => 1, ""s_jx"" => 0.4, ""phi"" => 0.1, ""b_x"" => 8.0, ""h_y"" => 0.8290227730115183, ""b_y"" => 9.0, ""s_jy"" => 0.41, ""s_x"" => 0.5, ""p_j"" => 0.55)"
0.06250000193097405,0.06250000199144988,0.2222222222222222,8.0,0.0,0.0,"Dict{String, Real}(""s_u"" => 0.4, ""h_x_bar"" => 1.0, ""h_x"" => 1.0, ""p_u"" => 0.6, ""s_y"" => 0.5, ""a"" => 0.1, ""h_y_bar"" => 0.8290227730115183, ""M"" => 1, ""s_jx"" => 0.4, ""phi"" => 0.1, ""b_x"" => 8.0, ""h_y"" => 0.8290227730115183, ""b_y"" => 9.0, ""s_jy"" => 0.41, ""s_x"" => 0.5, ""p_j"" => 0.55)"
0.06250000213551532,0.062497632155842274,0.3333333333333333,8.0,0.0030613274443897667,1.6377976218192986e-5,"Dict{String, Real}(""s_u"" => 0.4, ""h_x_bar"" => 1.0, ""h_x"" => 1.0, ""p_u"" => 0.6, ""s_y"" => 0.5, ""a"" => 0.1, ""h_y_bar"" => 0.8290227730115183, ""M"" => 1, ""s_jx"" => 0.4, ""phi"" => 0.1, ""b_x"" => 8.0, ""h_y"" => 0.8290227730115183, ""b_y"" => 9.0, ""s_jy"" => 0.41, ""s_x"" => 0.5, ""p_j"" => 0.55)"
0.06250000164689024,0.052260233707733375,0.4444444444444444,8.0,1.0,0.7621568303594881,"Dict{String, Real}(""s_u"" => 0.4, ""h_x_bar"" => 1.0, ""h_x"" => 1.0, ""p_u"" => 0.6, ""s_y"" => 0.5, ""a"" => 0.1, ""h_y_bar"" => 0.8290227730115183, ""M"" => 1, ""s_jx"" => 0.4, ""phi"" => 0.1, ""b_x"" => 8.0, ""h_y"" => 0.8290227730115183, ""b_y"" => 9.0, ""s_jy"" => 0.41, ""s_x"" => 0.5, ""p_j"" => 0.55)"
0.06250000201719737,0.05162779196046225,0.5555555555555556,8.0,1.0,0.7774242051708564,"Dict{String, Real}(""s_u"" => 0.4, ""h_x_bar"" => 1.0, ""h_x"" => 1.0, ""p_u"" => 0.6, ""s_y"" => 0.5, ""a"" => 0.1, ""h_y_bar"" => 0.8290227730115183, ""M"" => 1, ""s_jx"" => 0.4, ""phi"" => 0.1, ""b_x"" => 8.0, ""h_y"" => 0.8290227730115183, ""b_y"" => 9.0, ""s_jy"" => 0.41, ""s_x"" => 0.5, ""p_j"" => 0.55)"
0.06250000200031308,0.051016135654238896,0.6666666666666666,8.0,1.0,0.7916005757649854,"Dict{String, Real}(""s_u"" => 0.4, ""h_x_bar"" => 1.0, ""h_x"" => 1.0, ""p_u"" => 0.6, ""s_y"" => 0.5, ""a"" => 0.1, ""h_y_bar"" => 0.8290227730115183, ""M"" => 1, ""s_jx"" => 0.4, ""phi"" => 0.1, ""b_x"" => 8.0, ""h_y"" => 0.8290227730115183, ""b_y"" => 9.0, ""s_jy"" => 0.41, ""s_x"" => 0.5, ""p_j"" => 0.55)"
0.06250000173720241,0.050423210215670776,0.7777777777777778,8.0,1.0,0.8048445475698497,"Dict{String, Real}(""s_u"" => 0.4, ""h_x_bar"" => 1.0, ""h_x"" => 1.0, ""p_u"" => 0.6, ""s_y"" => 0.5, ""a"" => 0.1, ""h_y_bar"" => 0.8290227730115183, ""M"" => 1, ""s_jx"" => 0.4, ""phi"" => 0.1, ""b_x"" => 8.0, ""h_y"" => 0.8290227730115183, ""b_y"" => 9.0, ""s_jy"" => 0.41, ""s_x"" => 0.5, ""p_j"" => 0.55)"
0.06250000186806419,0.049847312508751074,0.8888888888888888,8.0,1.0,0.8172856596903643,"Dict{String, Real}(""s_u"" => 0.4, ""h_x_bar"" => 1.0, ""h_x"" => 1.0, ""p_u"" => 0.6, ""s_y"" => 0.5, ""a"" => 0.1, ""h_y_bar"" => 0.8290227730115183, ""M"" => 1, ""s_jx"" => 0.4, ""phi"" => 0.1, ""b_x"" => 8.0, ""h_y"" => 0.8290227730115183, ""b_y"" => 9.0, ""s_jy"" => 0.41, ""s_x"" => 0.5, ""p_j"" => 0.55)"
0.0625000021379695,0.04928711484461498,1.0,8.0,1.0,0.8290227730115183,"Dict{String, Real}(""s_u"" => 0.4, ""h_x_bar"" => 1.0, ""h_x"" => 1.0, ""p_u"" => 0.6, ""s_y"" => 0.5, ""a"" => 0.1, ""h_y_bar"" => 0.8290227730115183, ""M"" => 1, ""s_jx"" => 0.4, ""phi"" => 0.1, ""b_x"" => 8.0, ""h_y"" => 0.8290227730115183, ""b_y"" => 9.0, ""s_jy"" => 0.41, ""s_x"" => 0.5, ""p_j"" => 0.55)"
