phi,d_b,h_x,h_y,GA,parameters
0.0,0.0,0.0,0.0,0.2722196631564507,"Dict{String, Real}(""s_u"" => 0.4, ""h_x_bar"" => 1.0, ""h_x"" => 1.0, ""p_u"" => 0.6, ""s_y"" => 0.5, ""a"" => 0.1, ""h_y_bar"" => 0.9055540142051366, ""M"" => 1, ""s_jx"" => 0.4, ""phi"" => 1.0, ""b_x"" => 3, ""h_y"" => 0.9055540142051366, ""b_y"" => 4.0, ""s_jy"" => 0.41, ""s_x"" => 0.5, ""p_j"" => 0.55)"
0.0,0.1111111111111111,0.0,0.0,0.2722203748412667,"Dict{String, Real}(""s_u"" => 0.4, ""h_x_bar"" => 1.0, ""h_x"" => 1.0, ""p_u"" => 0.6, ""s_y"" => 0.5, ""a"" => 0.1, ""h_y_bar"" => 0.9055540142051366, ""M"" => 1, ""s_jx"" => 0.4, ""phi"" => 1.0, ""b_x"" => 3, ""h_y"" => 0.9055540142051366, ""b_y"" => 4.0, ""s_jy"" => 0.41, ""s_x"" => 0.5, ""p_j"" => 0.55)"
0.0,0.2222222222222222,0.0,0.0,0.27222556874976744,"Dict{String, Real}(""s_u"" => 0.4, ""h_x_bar"" => 1.0, ""h_x"" => 1.0, ""p_u"" => 0.6, ""s_y"" => 0.5, ""a"" => 0.1, ""h_y_bar"" => 0.9055540142051366, ""M"" => 1, ""s_jx"" => 0.4, ""phi"" => 1.0, ""b_x"" => 3, ""h_y"" => 0.9055540142051366, ""b_y"" => 4.0, ""s_jy"" => 0.41, ""s_x"" => 0.5, ""p_j"" => 0.55)"
0.0,0.3333333333333333,0.0,0.0,0.27222509013421986,"Dict{String, Real}(""s_u"" => 0.4, ""h_x_bar"" => 1.0, ""h_x"" => 1.0, ""p_u"" => 0.6, ""s_y"" => 0.5, ""a"" => 0.1, ""h_y_bar"" => 0.9055540142051366, ""M"" => 1, ""s_jx"" => 0.4, ""phi"" => 1.0, ""b_x"" => 3, ""h_y"" => 0.9055540142051366, ""b_y"" => 4.0, ""s_jy"" => 0.41, ""s_x"" => 0.5, ""p_j"" => 0.55)"
0.0,0.4444444444444444,0.7155347993305459,0.6421982379812838,0.20773674437656764,"Dict{String, Real}(""s_u"" => 0.4, ""h_x_bar"" => 1.0, ""h_x"" => 1.0, ""p_u"" => 0.6, ""s_y"" => 0.5, ""a"" => 0.1, ""h_y_bar"" => 0.9055540142051366, ""M"" => 1, ""s_jx"" => 0.4, ""phi"" => 1.0, ""b_x"" => 3, ""h_y"" => 0.9055540142051366, ""b_y"" => 4.0, ""s_jy"" => 0.41, ""s_x"" => 0.5, ""p_j"" => 0.55)"
0.0,0.5555555555555556,0.7487231547704445,0.6507096804605681,0.20219903989694155,"Dict{String, Real}(""s_u"" => 0.4, ""h_x_bar"" => 1.0, ""h_x"" => 1.0, ""p_u"" => 0.6, ""s_y"" => 0.5, ""a"" => 0.1, ""h_y_bar"" => 0.9055540142051366, ""M"" => 1, ""s_jx"" => 0.4, ""phi"" => 1.0, ""b_x"" => 3, ""h_y"" => 0.9055540142051366, ""b_y"" => 4.0, ""s_jy"" => 0.41, ""s_x"" => 0.5, ""p_j"" => 0.55)"
0.0,0.6666666666666666,0.7771112400219585,0.6546196200816009,0.1972436002307011,"Dict{String, Real}(""s_u"" => 0.4, ""h_x_bar"" => 1.0, ""h_x"" => 1.0, ""p_u"" => 0.6, ""s_y"" => 0.5, ""a"" => 0.1, ""h_y_bar"" => 0.9055540142051366, ""M"" => 1, ""s_jx"" => 0.4, ""phi"" => 1.0, ""b_x"" => 3, ""h_y"" => 0.9055540142051366, ""b_y"" => 4.0, ""s_jy"" => 0.41, ""s_x"" => 0.5, ""p_j"" => 0.55)"
0.0,0.7777777777777778,0.8020520408864664,0.655435630758314,0.19271554290972395,"Dict{String, Real}(""s_u"" => 0.4, ""h_x_bar"" => 1.0, ""h_x"" => 1.0, ""p_u"" => 0.6, ""s_y"" => 0.5, ""a"" => 0.1, ""h_y_bar"" => 0.9055540142051366, ""M"" => 1, ""s_jx"" => 0.4, ""phi"" => 1.0, ""b_x"" => 3, ""h_y"" => 0.9055540142051366, ""b_y"" => 4.0, ""s_jy"" => 0.41, ""s_x"" => 0.5, ""p_j"" => 0.55)"
0.0,0.8888888888888888,0.824323729818989,0.6540496105889673,0.18852825824996844,"Dict{String, Real}(""s_u"" => 0.4, ""h_x_bar"" => 1.0, ""h_x"" => 1.0, ""p_u"" => 0.6, ""s_y"" => 0.5, ""a"" => 0.1, ""h_y_bar"" => 0.9055540142051366, ""M"" => 1, ""s_jx"" => 0.4, ""phi"" => 1.0, ""b_x"" => 3, ""h_y"" => 0.9055540142051366, ""b_y"" => 4.0, ""s_jy"" => 0.41, ""s_x"" => 0.5, ""p_j"" => 0.55)"
0.0,1.0,0.8445171209508279,0.6510918851111748,0.1846400426537011,"Dict{String, Real}(""s_u"" => 0.4, ""h_x_bar"" => 1.0, ""h_x"" => 1.0, ""p_u"" => 0.6, ""s_y"" => 0.5, ""a"" => 0.1, ""h_y_bar"" => 0.9055540142051366, ""M"" => 1, ""s_jx"" => 0.4, ""phi"" => 1.0, ""b_x"" => 3, ""h_y"" => 0.9055540142051366, ""b_y"" => 4.0, ""s_jy"" => 0.41, ""s_x"" => 0.5, ""p_j"" => 0.55)"
0.1111111111111111,0.0,0.0,0.0,0.2722243588876101,"Dict{String, Real}(""s_u"" => 0.4, ""h_x_bar"" => 1.0, ""h_x"" => 1.0, ""p_u"" => 0.6, ""s_y"" => 0.5, ""a"" => 0.1, ""h_y_bar"" => 0.9055540142051366, ""M"" => 1, ""s_jx"" => 0.4, ""phi"" => 1.0, ""b_x"" => 3, ""h_y"" => 0.9055540142051366, ""b_y"" => 4.0, ""s_jy"" => 0.41, ""s_x"" => 0.5, ""p_j"" => 0.55)"
0.1111111111111111,0.1111111111111111,0.0,0.0,0.2722241456209543,"Dict{String, Real}(""s_u"" => 0.4, ""h_x_bar"" => 1.0, ""h_x"" => 1.0, ""p_u"" => 0.6, ""s_y"" => 0.5, ""a"" => 0.1, ""h_y_bar"" => 0.9055540142051366, ""M"" => 1, ""s_jx"" => 0.4, ""phi"" => 1.0, ""b_x"" => 3, ""h_y"" => 0.9055540142051366, ""b_y"" => 4.0, ""s_jy"" => 0.41, ""s_x"" => 0.5, ""p_j"" => 0.55)"
0.1111111111111111,0.2222222222222222,0.0,0.0,0.27222643619656156,"Dict{String, Real}(""s_u"" => 0.4, ""h_x_bar"" => 1.0, ""h_x"" => 1.0, ""p_u"" => 0.6, ""s_y"" => 0.5, ""a"" => 0.1, ""h_y_bar"" => 0.9055540142051366, ""M"" => 1, ""s_jx"" => 0.4, ""phi"" => 1.0, ""b_x"" => 3, ""h_y"" => 0.9055540142051366, ""b_y"" => 4.0, ""s_jy"" => 0.41, ""s_x"" => 0.5, ""p_j"" => 0.55)"
0.1111111111111111,0.3333333333333333,0.005198849833956803,3.124633163226056e-5,0.27208362802119335,"Dict{String, Real}(""s_u"" => 0.4, ""h_x_bar"" => 1.0, ""h_x"" => 1.0, ""p_u"" => 0.6, ""s_y"" => 0.5, ""a"" => 0.1, ""h_y_bar"" => 0.9055540142051366, ""M"" => 1, ""s_jx"" => 0.4, ""phi"" => 1.0, ""b_x"" => 3, ""h_y"" => 0.9055540142051366, ""b_y"" => 4.0, ""s_jy"" => 0.41, ""s_x"" => 0.5, ""p_j"" => 0.55)"
0.1111111111111111,0.4444444444444444,0.7677910342527865,0.6940104934026929,0.2026075213187355,"Dict{String, Real}(""s_u"" => 0.4, ""h_x_bar"" => 1.0, ""h_x"" => 1.0, ""p_u"" => 0.6, ""s_y"" => 0.5, ""a"" => 0.1, ""h_y_bar"" => 0.9055540142051366, ""M"" => 1, ""s_jx"" => 0.4, ""phi"" => 1.0, ""b_x"" => 3, ""h_y"" => 0.9055540142051366, ""b_y"" => 4.0, ""s_jy"" => 0.41, ""s_x"" => 0.5, ""p_j"" => 0.55)"
0.1111111111111111,0.5555555555555556,0.7978829608340172,0.6978980153746284,0.1974522243904536,"Dict{String, Real}(""s_u"" => 0.4, ""h_x_bar"" => 1.0, ""h_x"" => 1.0, ""p_u"" => 0.6, ""s_y"" => 0.5, ""a"" => 0.1, ""h_y_bar"" => 0.9055540142051366, ""M"" => 1, ""s_jx"" => 0.4, ""phi"" => 1.0, ""b_x"" => 3, ""h_y"" => 0.9055540142051366, ""b_y"" => 4.0, ""s_jy"" => 0.41, ""s_x"" => 0.5, ""p_j"" => 0.55)"
0.1111111111111111,0.6666666666666666,0.8240949895820797,0.698284522108124,0.19277295301796213,"Dict{String, Real}(""s_u"" => 0.4, ""h_x_bar"" => 1.0, ""h_x"" => 1.0, ""p_u"" => 0.6, ""s_y"" => 0.5, ""a"" => 0.1, ""h_y_bar"" => 0.9055540142051366, ""M"" => 1, ""s_jx"" => 0.4, ""phi"" => 1.0, ""b_x"" => 3, ""h_y"" => 0.9055540142051366, ""b_y"" => 4.0, ""s_jy"" => 0.41, ""s_x"" => 0.5, ""p_j"" => 0.55)"
0.1111111111111111,0.7777777777777778,0.8474112718401239,0.6962685097826948,0.18847099898998826,"Dict{String, Real}(""s_u"" => 0.4, ""h_x_bar"" => 1.0, ""h_x"" => 1.0, ""p_u"" => 0.6, ""s_y"" => 0.5, ""a"" => 0.1, ""h_y_bar"" => 0.9055540142051366, ""M"" => 1, ""s_jx"" => 0.4, ""phi"" => 1.0, ""b_x"" => 3, ""h_y"" => 0.9055540142051366, ""b_y"" => 4.0, ""s_jy"" => 0.41, ""s_x"" => 0.5, ""p_j"" => 0.55)"
0.1111111111111111,0.8888888888888888,0.8684421548890195,0.6925365766616329,0.1844792027960005,"Dict{String, Real}(""s_u"" => 0.4, ""h_x_bar"" => 1.0, ""h_x"" => 1.0, ""p_u"" => 0.6, ""s_y"" => 0.5, ""a"" => 0.1, ""h_y_bar"" => 0.9055540142051366, ""M"" => 1, ""s_jx"" => 0.4, ""phi"" => 1.0, ""b_x"" => 3, ""h_y"" => 0.9055540142051366, ""b_y"" => 4.0, ""s_jy"" => 0.41, ""s_x"" => 0.5, ""p_j"" => 0.55)"
0.1111111111111111,1.0,0.8876490823049923,0.6875772065768947,0.18074602434613363,"Dict{String, Real}(""s_u"" => 0.4, ""h_x_bar"" => 1.0, ""h_x"" => 1.0, ""p_u"" => 0.6, ""s_y"" => 0.5, ""a"" => 0.1, ""h_y_bar"" => 0.9055540142051366, ""M"" => 1, ""s_jx"" => 0.4, ""phi"" => 1.0, ""b_x"" => 3, ""h_y"" => 0.9055540142051366, ""b_y"" => 4.0, ""s_jy"" => 0.41, ""s_x"" => 0.5, ""p_j"" => 0.55)"
0.2222222222222222,0.0,0.0,0.0,0.27222925082452776,"Dict{String, Real}(""s_u"" => 0.4, ""h_x_bar"" => 1.0, ""h_x"" => 1.0, ""p_u"" => 0.6, ""s_y"" => 0.5, ""a"" => 0.1, ""h_y_bar"" => 0.9055540142051366, ""M"" => 1, ""s_jx"" => 0.4, ""phi"" => 1.0, ""b_x"" => 3, ""h_y"" => 0.9055540142051366, ""b_y"" => 4.0, ""s_jy"" => 0.41, ""s_x"" => 0.5, ""p_j"" => 0.55)"
0.2222222222222222,0.1111111111111111,0.0,0.0,0.2722178346350673,"Dict{String, Real}(""s_u"" => 0.4, ""h_x_bar"" => 1.0, ""h_x"" => 1.0, ""p_u"" => 0.6, ""s_y"" => 0.5, ""a"" => 0.1, ""h_y_bar"" => 0.9055540142051366, ""M"" => 1, ""s_jx"" => 0.4, ""phi"" => 1.0, ""b_x"" => 3, ""h_y"" => 0.9055540142051366, ""b_y"" => 4.0, ""s_jy"" => 0.41, ""s_x"" => 0.5, ""p_j"" => 0.55)"
0.2222222222222222,0.2222222222222222,0.0,0.0,0.27222550916520105,"Dict{String, Real}(""s_u"" => 0.4, ""h_x_bar"" => 1.0, ""h_x"" => 1.0, ""p_u"" => 0.6, ""s_y"" => 0.5, ""a"" => 0.1, ""h_y_bar"" => 0.9055540142051366, ""M"" => 1, ""s_jx"" => 0.4, ""phi"" => 1.0, ""b_x"" => 3, ""h_y"" => 0.9055540142051366, ""b_y"" => 4.0, ""s_jy"" => 0.41, ""s_x"" => 0.5, ""p_j"" => 0.55)"
0.2222222222222222,0.3333333333333333,0.7830112376915268,0.7359018983886514,0.20343320726571315,"Dict{String, Real}(""s_u"" => 0.4, ""h_x_bar"" => 1.0, ""h_x"" => 1.0, ""p_u"" => 0.6, ""s_y"" => 0.5, ""a"" => 0.1, ""h_y_bar"" => 0.9055540142051366, ""M"" => 1, ""s_jx"" => 0.4, ""phi"" => 1.0, ""b_x"" => 3, ""h_y"" => 0.9055540142051366, ""b_y"" => 4.0, ""s_jy"" => 0.41, ""s_x"" => 0.5, ""p_j"" => 0.55)"
0.2222222222222222,0.4444444444444444,0.8150334488661277,0.7400225978411492,0.19805868657550163,"Dict{String, Real}(""s_u"" => 0.4, ""h_x_bar"" => 1.0, ""h_x"" => 1.0, ""p_u"" => 0.6, ""s_y"" => 0.5, ""a"" => 0.1, ""h_y_bar"" => 0.9055540142051366, ""M"" => 1, ""s_jx"" => 0.4, ""phi"" => 1.0, ""b_x"" => 3, ""h_y"" => 0.9055540142051366, ""b_y"" => 4.0, ""s_jy"" => 0.41, ""s_x"" => 0.5, ""p_j"" => 0.55)"
0.2222222222222222,0.5555555555555556,0.8428118302118478,0.7402636892106627,0.19318785928908133,"Dict{String, Real}(""s_u"" => 0.4, ""h_x_bar"" => 1.0, ""h_x"" => 1.0, ""p_u"" => 0.6, ""s_y"" => 0.5, ""a"" => 0.1, ""h_y_bar"" => 0.9055540142051366, ""M"" => 1, ""s_jx"" => 0.4, ""phi"" => 1.0, ""b_x"" => 3, ""h_y"" => 0.9055540142051366, ""b_y"" => 4.0, ""s_jy"" => 0.41, ""s_x"" => 0.5, ""p_j"" => 0.55)"
0.2222222222222222,0.6666666666666666,0.8673281035392191,0.7377639377596573,0.1887322146372318,"Dict{String, Real}(""s_u"" => 0.4, ""h_x_bar"" => 1.0, ""h_x"" => 1.0, ""p_u"" => 0.6, ""s_y"" => 0.5, ""a"" => 0.1, ""h_y_bar"" => 0.9055540142051366, ""M"" => 1, ""s_jx"" => 0.4, ""phi"" => 1.0, ""b_x"" => 3, ""h_y"" => 0.9055540142051366, ""b_y"" => 4.0, ""s_jy"" => 0.41, ""s_x"" => 0.5, ""p_j"" => 0.55)"
0.2222222222222222,0.7777777777777778,0.8893230679664795,0.7333571062863272,0.18461543717143827,"Dict{String, Real}(""s_u"" => 0.4, ""h_x_bar"" => 1.0, ""h_x"" => 1.0, ""p_u"" => 0.6, ""s_y"" => 0.5, ""a"" => 0.1, ""h_y_bar"" => 0.9055540142051366, ""M"" => 1, ""s_jx"" => 0.4, ""phi"" => 1.0, ""b_x"" => 3, ""h_y"" => 0.9055540142051366, ""b_y"" => 4.0, ""s_jy"" => 0.41, ""s_x"" => 0.5, ""p_j"" => 0.55)"
0.2222222222222222,0.8888888888888888,0.9093129550874831,0.7276048103580901,0.18077689493093008,"Dict{String, Real}(""s_u"" => 0.4, ""h_x_bar"" => 1.0, ""h_x"" => 1.0, ""p_u"" => 0.6, ""s_y"" => 0.5, ""a"" => 0.1, ""h_y_bar"" => 0.9055540142051366, ""M"" => 1, ""s_jx"" => 0.4, ""phi"" => 1.0, ""b_x"" => 3, ""h_y"" => 0.9055540142051366, ""b_y"" => 4.0, ""s_jy"" => 0.41, ""s_x"" => 0.5, ""p_j"" => 0.55)"
0.2222222222222222,1.0,0.9276681370155931,0.7208972006410787,0.1771796836282151,"Dict{String, Real}(""s_u"" => 0.4, ""h_x_bar"" => 1.0, ""h_x"" => 1.0, ""p_u"" => 0.6, ""s_y"" => 0.5, ""a"" => 0.1, ""h_y_bar"" => 0.9055540142051366, ""M"" => 1, ""s_jx"" => 0.4, ""phi"" => 1.0, ""b_x"" => 3, ""h_y"" => 0.9055540142051366, ""b_y"" => 4.0, ""s_jy"" => 0.41, ""s_x"" => 0.5, ""p_j"" => 0.55)"
0.3333333333333333,0.0,0.0,0.0,0.27221423277276,"Dict{String, Real}(""s_u"" => 0.4, ""h_x_bar"" => 1.0, ""h_x"" => 1.0, ""p_u"" => 0.6, ""s_y"" => 0.5, ""a"" => 0.1, ""h_y_bar"" => 0.9055540142051366, ""M"" => 1, ""s_jx"" => 0.4, ""phi"" => 1.0, ""b_x"" => 3, ""h_y"" => 0.9055540142051366, ""b_y"" => 4.0, ""s_jy"" => 0.41, ""s_x"" => 0.5, ""p_j"" => 0.55)"
0.3333333333333333,0.1111111111111111,0.0,0.0,0.2722317885900465,"Dict{String, Real}(""s_u"" => 0.4, ""h_x_bar"" => 1.0, ""h_x"" => 1.0, ""p_u"" => 0.6, ""s_y"" => 0.5, ""a"" => 0.1, ""h_y_bar"" => 0.9055540142051366, ""M"" => 1, ""s_jx"" => 0.4, ""phi"" => 1.0, ""b_x"" => 3, ""h_y"" => 0.9055540142051366, ""b_y"" => 4.0, ""s_jy"" => 0.41, ""s_x"" => 0.5, ""p_j"" => 0.55)"
0.3333333333333333,0.2222222222222222,0.0,0.0,0.27221984345344474,"Dict{String, Real}(""s_u"" => 0.4, ""h_x_bar"" => 1.0, ""h_x"" => 1.0, ""p_u"" => 0.6, ""s_y"" => 0.5, ""a"" => 0.1, ""h_y_bar"" => 0.9055540142051366, ""M"" => 1, ""s_jx"" => 0.4, ""phi"" => 1.0, ""b_x"" => 3, ""h_y"" => 0.9055540142051366, ""b_y"" => 4.0, ""s_jy"" => 0.41, ""s_x"" => 0.5, ""p_j"" => 0.55)"
0.3333333333333333,0.3333333333333333,0.8289969853932481,0.7813989115696323,0.19902011102879852,"Dict{String, Real}(""s_u"" => 0.4, ""h_x_bar"" => 1.0, ""h_x"" => 1.0, ""p_u"" => 0.6, ""s_y"" => 0.5, ""a"" => 0.1, ""h_y_bar"" => 0.9055540142051366, ""M"" => 1, ""s_jx"" => 0.4, ""phi"" => 1.0, ""b_x"" => 3, ""h_y"" => 0.9055540142051366, ""b_y"" => 4.0, ""s_jy"" => 0.41, ""s_x"" => 0.5, ""p_j"" => 0.55)"
0.3333333333333333,0.4444444444444444,0.8585755331039344,0.781737256179406,0.19392331468311957,"Dict{String, Real}(""s_u"" => 0.4, ""h_x_bar"" => 1.0, ""h_x"" => 1.0, ""p_u"" => 0.6, ""s_y"" => 0.5, ""a"" => 0.1, ""h_y_bar"" => 0.9055540142051366, ""M"" => 1, ""s_jx"" => 0.4, ""phi"" => 1.0, ""b_x"" => 3, ""h_y"" => 0.9055540142051366, ""b_y"" => 4.0, ""s_jy"" => 0.41, ""s_x"" => 0.5, ""p_j"" => 0.55)"
0.3333333333333333,0.5555555555555556,0.8844782685931079,0.7789242720818945,0.18927916978778508,"Dict{String, Real}(""s_u"" => 0.4, ""h_x_bar"" => 1.0, ""h_x"" => 1.0, ""p_u"" => 0.6, ""s_y"" => 0.5, ""a"" => 0.1, ""h_y_bar"" => 0.9055540142051366, ""M"" => 1, ""s_jx"" => 0.4, ""phi"" => 1.0, ""b_x"" => 3, ""h_y"" => 0.9055540142051366, ""b_y"" => 4.0, ""s_jy"" => 0.41, ""s_x"" => 0.5, ""p_j"" => 0.55)"
0.3333333333333333,0.6666666666666666,0.9075927032498913,0.773959344096604,0.18500813548188666,"Dict{String, Real}(""s_u"" => 0.4, ""h_x_bar"" => 1.0, ""h_x"" => 1.0, ""p_u"" => 0.6, ""s_y"" => 0.5, ""a"" => 0.1, ""h_y_bar"" => 0.9055540142051366, ""M"" => 1, ""s_jx"" => 0.4, ""phi"" => 1.0, ""b_x"" => 3, ""h_y"" => 0.9055540142051366, ""b_y"" => 4.0, ""s_jy"" => 0.41, ""s_x"" => 0.5, ""p_j"" => 0.55)"
0.3333333333333333,0.7777777777777778,0.9284748392528321,0.7674764559407617,0.1810537573281979,"Dict{String, Real}(""s_u"" => 0.4, ""h_x_bar"" => 1.0, ""h_x"" => 1.0, ""p_u"" => 0.6, ""s_y"" => 0.5, ""a"" => 0.1, ""h_y_bar"" => 0.9055540142051366, ""M"" => 1, ""s_jx"" => 0.4, ""phi"" => 1.0, ""b_x"" => 3, ""h_y"" => 0.9055540142051366, ""b_y"" => 4.0, ""s_jy"" => 0.41, ""s_x"" => 0.5, ""p_j"" => 0.55)"
0.3333333333333333,0.8888888888888888,0.9475600571419742,0.7599397225859231,0.17735017389476782,"Dict{String, Real}(""s_u"" => 0.4, ""h_x_bar"" => 1.0, ""h_x"" => 1.0, ""p_u"" => 0.6, ""s_y"" => 0.5, ""a"" => 0.1, ""h_y_bar"" => 0.9055540142051366, ""M"" => 1, ""s_jx"" => 0.4, ""phi"" => 1.0, ""b_x"" => 3, ""h_y"" => 0.9055540142051366, ""b_y"" => 4.0, ""s_jy"" => 0.41, ""s_x"" => 0.5, ""p_j"" => 0.55)"
0.3333333333333333,1.0,0.9651674211554384,0.751673618262469,0.17387075683306474,"Dict{String, Real}(""s_u"" => 0.4, ""h_x_bar"" => 1.0, ""h_x"" => 1.0, ""p_u"" => 0.6, ""s_y"" => 0.5, ""a"" => 0.1, ""h_y_bar"" => 0.9055540142051366, ""M"" => 1, ""s_jx"" => 0.4, ""phi"" => 1.0, ""b_x"" => 3, ""h_y"" => 0.9055540142051366, ""b_y"" => 4.0, ""s_jy"" => 0.41, ""s_x"" => 0.5, ""p_j"" => 0.55)"
0.4444444444444444,0.0,0.0,0.0,0.2722129101575946,"Dict{String, Real}(""s_u"" => 0.4, ""h_x_bar"" => 1.0, ""h_x"" => 1.0, ""p_u"" => 0.6, ""s_y"" => 0.5, ""a"" => 0.1, ""h_y_bar"" => 0.9055540142051366, ""M"" => 1, ""s_jx"" => 0.4, ""phi"" => 1.0, ""b_x"" => 3, ""h_y"" => 0.9055540142051366, ""b_y"" => 4.0, ""s_jy"" => 0.41, ""s_x"" => 0.5, ""p_j"" => 0.55)"
0.4444444444444444,0.1111111111111111,0.0,0.0,0.27221571738212924,"Dict{String, Real}(""s_u"" => 0.4, ""h_x_bar"" => 1.0, ""h_x"" => 1.0, ""p_u"" => 0.6, ""s_y"" => 0.5, ""a"" => 0.1, ""h_y_bar"" => 0.9055540142051366, ""M"" => 1, ""s_jx"" => 0.4, ""phi"" => 1.0, ""b_x"" => 3, ""h_y"" => 0.9055540142051366, ""b_y"" => 4.0, ""s_jy"" => 0.41, ""s_x"" => 0.5, ""p_j"" => 0.55)"
0.4444444444444444,0.2222222222222222,0.0,0.0,0.2722165098677144,"Dict{String, Real}(""s_u"" => 0.4, ""h_x_bar"" => 1.0, ""h_x"" => 1.0, ""p_u"" => 0.6, ""s_y"" => 0.5, ""a"" => 0.1, ""h_y_bar"" => 0.9055540142051366, ""M"" => 1, ""s_jx"" => 0.4, ""phi"" => 1.0, ""b_x"" => 3, ""h_y"" => 0.9055540142051366, ""b_y"" => 4.0, ""s_jy"" => 0.41, ""s_x"" => 0.5, ""p_j"" => 0.55)"
0.4444444444444444,0.3333333333333333,0.8716852296136339,0.8229999660337907,0.19497258816637816,"Dict{String, Real}(""s_u"" => 0.4, ""h_x_bar"" => 1.0, ""h_x"" => 1.0, ""p_u"" => 0.6, ""s_y"" => 0.5, ""a"" => 0.1, ""h_y_bar"" => 0.9055540142051366, ""M"" => 1, ""s_jx"" => 0.4, ""phi"" => 1.0, ""b_x"" => 3, ""h_y"" => 0.9055540142051366, ""b_y"" => 4.0, ""s_jy"" => 0.41, ""s_x"" => 0.5, ""p_j"" => 0.55)"
0.4444444444444444,0.4444444444444444,0.8992047000873828,0.8200796924770383,0.1901161869347503,"Dict{String, Real}(""s_u"" => 0.4, ""h_x_bar"" => 1.0, ""h_x"" => 1.0, ""p_u"" => 0.6, ""s_y"" => 0.5, ""a"" => 0.1, ""h_y_bar"" => 0.9055540142051366, ""M"" => 1, ""s_jx"" => 0.4, ""phi"" => 1.0, ""b_x"" => 3, ""h_y"" => 0.9055540142051366, ""b_y"" => 4.0, ""s_jy"" => 0.41, ""s_x"" => 0.5, ""p_j"" => 0.55)"
0.4444444444444444,0.5555555555555556,0.9235537342149203,0.8146477857651808,0.18566819431879394,"Dict{String, Real}(""s_u"" => 0.4, ""h_x_bar"" => 1.0, ""h_x"" => 1.0, ""p_u"" => 0.6, ""s_y"" => 0.5, ""a"" => 0.1, ""h_y_bar"" => 0.9055540142051366, ""M"" => 1, ""s_jx"" => 0.4, ""phi"" => 1.0, ""b_x"" => 3, ""h_y"" => 0.9055540142051366, ""b_y"" => 4.0, ""s_jy"" => 0.41, ""s_x"" => 0.5, ""p_j"" => 0.55)"
0.4444444444444444,0.6666666666666666,0.9454394913951963,0.8075001025229649,0.18156234136885224,"Dict{String, Real}(""s_u"" => 0.4, ""h_x_bar"" => 1.0, ""h_x"" => 1.0, ""p_u"" => 0.6, ""s_y"" => 0.5, ""a"" => 0.1, ""h_y_bar"" => 0.9055540142051366, ""M"" => 1, ""s_jx"" => 0.4, ""phi"" => 1.0, ""b_x"" => 3, ""h_y"" => 0.9055540142051366, ""b_y"" => 4.0, ""s_jy"" => 0.41, ""s_x"" => 0.5, ""p_j"" => 0.55)"
0.4444444444444444,0.7777777777777778,0.9653513564734616,0.7991701398773954,0.17773558531529,"Dict{String, Real}(""s_u"" => 0.4, ""h_x_bar"" => 1.0, ""h_x"" => 1.0, ""p_u"" => 0.6, ""s_y"" => 0.5, ""a"" => 0.1, ""h_y_bar"" => 0.9055540142051366, ""M"" => 1, ""s_jx"" => 0.4, ""phi"" => 1.0, ""b_x"" => 3, ""h_y"" => 0.9055540142051366, ""b_y"" => 4.0, ""s_jy"" => 0.41, ""s_x"" => 0.5, ""p_j"" => 0.55)"
0.4444444444444444,0.8888888888888888,0.9836264999510496,0.790025931028333,0.1741456869683927,"Dict{String, Real}(""s_u"" => 0.4, ""h_x_bar"" => 1.0, ""h_x"" => 1.0, ""p_u"" => 0.6, ""s_y"" => 0.5, ""a"" => 0.1, ""h_y_bar"" => 0.9055540142051366, ""M"" => 1, ""s_jx"" => 0.4, ""phi"" => 1.0, ""b_x"" => 3, ""h_y"" => 0.9055540142051366, ""b_y"" => 4.0, ""s_jy"" => 0.41, ""s_x"" => 0.5, ""p_j"" => 0.55)"
0.4444444444444444,1.0,1.0,0.7808896634143719,0.17072727711654231,"Dict{String, Real}(""s_u"" => 0.4, ""h_x_bar"" => 1.0, ""h_x"" => 1.0, ""p_u"" => 0.6, ""s_y"" => 0.5, ""a"" => 0.1, ""h_y_bar"" => 0.9055540142051366, ""M"" => 1, ""s_jx"" => 0.4, ""phi"" => 1.0, ""b_x"" => 3, ""h_y"" => 0.9055540142051366, ""b_y"" => 4.0, ""s_jy"" => 0.41, ""s_x"" => 0.5, ""p_j"" => 0.55)"
0.5555555555555556,0.0,0.0,0.0,0.2722313121175809,"Dict{String, Real}(""s_u"" => 0.4, ""h_x_bar"" => 1.0, ""h_x"" => 1.0, ""p_u"" => 0.6, ""s_y"" => 0.5, ""a"" => 0.1, ""h_y_bar"" => 0.9055540142051366, ""M"" => 1, ""s_jx"" => 0.4, ""phi"" => 1.0, ""b_x"" => 3, ""h_y"" => 0.9055540142051366, ""b_y"" => 4.0, ""s_jy"" => 0.41, ""s_x"" => 0.5, ""p_j"" => 0.55)"
0.5555555555555556,0.1111111111111111,0.0,0.0,0.27222555981366264,"Dict{String, Real}(""s_u"" => 0.4, ""h_x_bar"" => 1.0, ""h_x"" => 1.0, ""p_u"" => 0.6, ""s_y"" => 0.5, ""a"" => 0.1, ""h_y_bar"" => 0.9055540142051366, ""M"" => 1, ""s_jx"" => 0.4, ""phi"" => 1.0, ""b_x"" => 3, ""h_y"" => 0.9055540142051366, ""b_y"" => 4.0, ""s_jy"" => 0.41, ""s_x"" => 0.5, ""p_j"" => 0.55)"
0.5555555555555556,0.2222222222222222,0.0,0.0,0.27222021195621793,"Dict{String, Real}(""s_u"" => 0.4, ""h_x_bar"" => 1.0, ""h_x"" => 1.0, ""p_u"" => 0.6, ""s_y"" => 0.5, ""a"" => 0.1, ""h_y_bar"" => 0.9055540142051366, ""M"" => 1, ""s_jx"" => 0.4, ""phi"" => 1.0, ""b_x"" => 3, ""h_y"" => 0.9055540142051366, ""b_y"" => 4.0, ""s_jy"" => 0.41, ""s_x"" => 0.5, ""p_j"" => 0.55)"
0.5555555555555556,0.3333333333333333,0.9116647602074903,0.8614221745391142,0.19121729963060868,"Dict{String, Real}(""s_u"" => 0.4, ""h_x_bar"" => 1.0, ""h_x"" => 1.0, ""p_u"" => 0.6, ""s_y"" => 0.5, ""a"" => 0.1, ""h_y_bar"" => 0.9055540142051366, ""M"" => 1, ""s_jx"" => 0.4, ""phi"" => 1.0, ""b_x"" => 3, ""h_y"" => 0.9055540142051366, ""b_y"" => 4.0, ""s_jy"" => 0.41, ""s_x"" => 0.5, ""p_j"" => 0.55)"
0.5555555555555556,0.4444444444444444,0.937461279742009,0.8556907395860296,0.1865598386533508,"Dict{String, Real}(""s_u"" => 0.4, ""h_x_bar"" => 1.0, ""h_x"" => 1.0, ""p_u"" => 0.6, ""s_y"" => 0.5, ""a"" => 0.1, ""h_y_bar"" => 0.9055540142051366, ""M"" => 1, ""s_jx"" => 0.4, ""phi"" => 1.0, ""b_x"" => 3, ""h_y"" => 0.9055540142051366, ""b_y"" => 4.0, ""s_jy"" => 0.41, ""s_x"" => 0.5, ""p_j"" => 0.55)"
0.5555555555555556,0.5555555555555556,0.96045630368279,0.8479375958721841,0.1822866686750761,"Dict{String, Real}(""s_u"" => 0.4, ""h_x_bar"" => 1.0, ""h_x"" => 1.0, ""p_u"" => 0.6, ""s_y"" => 0.5, ""a"" => 0.1, ""h_y_bar"" => 0.9055540142051366, ""M"" => 1, ""s_jx"" => 0.4, ""phi"" => 1.0, ""b_x"" => 3, ""h_y"" => 0.9055540142051366, ""b_y"" => 4.0, ""s_jy"" => 0.41, ""s_x"" => 0.5, ""p_j"" => 0.55)"
0.5555555555555556,0.6666666666666666,0.9812724180560485,0.8388424267061377,0.1783078792247742,"Dict{String, Real}(""s_u"" => 0.4, ""h_x_bar"" => 1.0, ""h_x"" => 1.0, ""p_u"" => 0.6, ""s_y"" => 0.5, ""a"" => 0.1, ""h_y_bar"" => 0.9055540142051366, ""M"" => 1, ""s_jx"" => 0.4, ""phi"" => 1.0, ""b_x"" => 3, ""h_y"" => 0.9055540142051366, ""b_y"" => 4.0, ""s_jy"" => 0.41, ""s_x"" => 0.5, ""p_j"" => 0.55)"
0.5555555555555556,0.7777777777777778,1.0,0.8299613930835149,0.17452379268395155,"Dict{String, Real}(""s_u"" => 0.4, ""h_x_bar"" => 1.0, ""h_x"" => 1.0, ""p_u"" => 0.6, ""s_y"" => 0.5, ""a"" => 0.1, ""h_y_bar"" => 0.9055540142051366, ""M"" => 1, ""s_jx"" => 0.4, ""phi"" => 1.0, ""b_x"" => 3, ""h_y"" => 0.9055540142051366, ""b_y"" => 4.0, ""s_jy"" => 0.41, ""s_x"" => 0.5, ""p_j"" => 0.55)"
0.5555555555555556,0.8888888888888888,1.0,0.8195934710828708,0.17108351087218543,"Dict{String, Real}(""s_u"" => 0.4, ""h_x_bar"" => 1.0, ""h_x"" => 1.0, ""p_u"" => 0.6, ""s_y"" => 0.5, ""a"" => 0.1, ""h_y_bar"" => 0.9055540142051366, ""M"" => 1, ""s_jx"" => 0.4, ""phi"" => 1.0, ""b_x"" => 3, ""h_y"" => 0.9055540142051366, ""b_y"" => 4.0, ""s_jy"" => 0.41, ""s_x"" => 0.5, ""p_j"" => 0.55)"
0.5555555555555556,1.0,1.0,0.8088467753079865,0.16783069998410788,"Dict{String, Real}(""s_u"" => 0.4, ""h_x_bar"" => 1.0, ""h_x"" => 1.0, ""p_u"" => 0.6, ""s_y"" => 0.5, ""a"" => 0.1, ""h_y_bar"" => 0.9055540142051366, ""M"" => 1, ""s_jx"" => 0.4, ""phi"" => 1.0, ""b_x"" => 3, ""h_y"" => 0.9055540142051366, ""b_y"" => 4.0, ""s_jy"" => 0.41, ""s_x"" => 0.5, ""p_j"" => 0.55)"
0.6666666666666666,0.0,0.0,0.0,0.27222434133182716,"Dict{String, Real}(""s_u"" => 0.4, ""h_x_bar"" => 1.0, ""h_x"" => 1.0, ""p_u"" => 0.6, ""s_y"" => 0.5, ""a"" => 0.1, ""h_y_bar"" => 0.9055540142051366, ""M"" => 1, ""s_jx"" => 0.4, ""phi"" => 1.0, ""b_x"" => 3, ""h_y"" => 0.9055540142051366, ""b_y"" => 4.0, ""s_jy"" => 0.41, ""s_x"" => 0.5, ""p_j"" => 0.55)"
0.6666666666666666,0.1111111111111111,0.0,0.0,0.27221162365048945,"Dict{String, Real}(""s_u"" => 0.4, ""h_x_bar"" => 1.0, ""h_x"" => 1.0, ""p_u"" => 0.6, ""s_y"" => 0.5, ""a"" => 0.1, ""h_y_bar"" => 0.9055540142051366, ""M"" => 1, ""s_jx"" => 0.4, ""phi"" => 1.0, ""b_x"" => 3, ""h_y"" => 0.9055540142051366, ""b_y"" => 4.0, ""s_jy"" => 0.41, ""s_x"" => 0.5, ""p_j"" => 0.55)"
0.6666666666666666,0.2222222222222222,0.005860220988110976,3.8260684232420813e-5,0.2721216339631677,"Dict{String, Real}(""s_u"" => 0.4, ""h_x_bar"" => 1.0, ""h_x"" => 1.0, ""p_u"" => 0.6, ""s_y"" => 0.5, ""a"" => 0.1, ""h_y_bar"" => 0.9055540142051366, ""M"" => 1, ""s_jx"" => 0.4, ""phi"" => 1.0, ""b_x"" => 3, ""h_y"" => 0.9055540142051366, ""b_y"" => 4.0, ""s_jy"" => 0.41, ""s_x"" => 0.5, ""p_j"" => 0.55)"
0.6666666666666666,0.3333333333333333,0.9494024895797145,0.8972326510119542,0.18768970631789522,"Dict{String, Real}(""s_u"" => 0.4, ""h_x_bar"" => 1.0, ""h_x"" => 1.0, ""p_u"" => 0.6, ""s_y"" => 0.5, ""a"" => 0.1, ""h_y_bar"" => 0.9055540142051366, ""M"" => 1, ""s_jx"" => 0.4, ""phi"" => 1.0, ""b_x"" => 3, ""h_y"" => 0.9055540142051366, ""b_y"" => 4.0, ""s_jy"" => 0.41, ""s_x"" => 0.5, ""p_j"" => 0.55)"
0.6666666666666666,0.4444444444444444,0.9736813209764795,0.8889926310810283,0.18321980148576814,"Dict{String, Real}(""s_u"" => 0.4, ""h_x_bar"" => 1.0, ""h_x"" => 1.0, ""p_u"" => 0.6, ""s_y"" => 0.5, ""a"" => 0.1, ""h_y_bar"" => 0.9055540142051366, ""M"" => 1, ""s_jx"" => 0.4, ""phi"" => 1.0, ""b_x"" => 3, ""h_y"" => 0.9055540142051366, ""b_y"" => 4.0, ""s_jy"" => 0.41, ""s_x"" => 0.5, ""p_j"" => 0.55)"
0.6666666666666666,0.5555555555555556,0.995500882689128,0.8791716781708091,0.1790867642883721,"Dict{String, Real}(""s_u"" => 0.4, ""h_x_bar"" => 1.0, ""h_x"" => 1.0, ""p_u"" => 0.6, ""s_y"" => 0.5, ""a"" => 0.1, ""h_y_bar"" => 0.9055540142051366, ""M"" => 1, ""s_jx"" => 0.4, ""phi"" => 1.0, ""b_x"" => 3, ""h_y"" => 0.9055540142051366, ""b_y"" => 4.0, ""s_jy"" => 0.41, ""s_x"" => 0.5, ""p_j"" => 0.55)"
0.6666666666666666,0.6666666666666666,1.0,0.870368688167949,0.1751462675661701,"Dict{String, Real}(""s_u"" => 0.4, ""h_x_bar"" => 1.0, ""h_x"" => 1.0, ""p_u"" => 0.6, ""s_y"" => 0.5, ""a"" => 0.1, ""h_y_bar"" => 0.9055540142051366, ""M"" => 1, ""s_jx"" => 0.4, ""phi"" => 1.0, ""b_x"" => 3, ""h_y"" => 0.9055540142051366, ""b_y"" => 4.0, ""s_jy"" => 0.41, ""s_x"" => 0.5, ""p_j"" => 0.55)"
0.6666666666666666,0.7777777777777778,1.0,0.858942831980345,0.17159190548065784,"Dict{String, Real}(""s_u"" => 0.4, ""h_x_bar"" => 1.0, ""h_x"" => 1.0, ""p_u"" => 0.6, ""s_y"" => 0.5, ""a"" => 0.1, ""h_y_bar"" => 0.9055540142051366, ""M"" => 1, ""s_jx"" => 0.4, ""phi"" => 1.0, ""b_x"" => 3, ""h_y"" => 0.9055540142051366, ""b_y"" => 4.0, ""s_jy"" => 0.41, ""s_x"" => 0.5, ""p_j"" => 0.55)"
0.6666666666666666,0.8888888888888888,1.0,0.8471154613201606,0.16823816543130404,"Dict{String, Real}(""s_u"" => 0.4, ""h_x_bar"" => 1.0, ""h_x"" => 1.0, ""p_u"" => 0.6, ""s_y"" => 0.5, ""a"" => 0.1, ""h_y_bar"" => 0.9055540142051366, ""M"" => 1, ""s_jx"" => 0.4, ""phi"" => 1.0, ""b_x"" => 3, ""h_y"" => 0.9055540142051366, ""b_y"" => 4.0, ""s_jy"" => 0.41, ""s_x"" => 0.5, ""p_j"" => 0.55)"
0.6666666666666666,1.0,1.0,0.835077756835973,0.16507710101504747,"Dict{String, Real}(""s_u"" => 0.4, ""h_x_bar"" => 1.0, ""h_x"" => 1.0, ""p_u"" => 0.6, ""s_y"" => 0.5, ""a"" => 0.1, ""h_y_bar"" => 0.9055540142051366, ""M"" => 1, ""s_jx"" => 0.4, ""phi"" => 1.0, ""b_x"" => 3, ""h_y"" => 0.9055540142051366, ""b_y"" => 4.0, ""s_jy"" => 0.41, ""s_x"" => 0.5, ""p_j"" => 0.55)"
0.7777777777777778,0.0,0.0,0.0,0.2722205839158686,"Dict{String, Real}(""s_u"" => 0.4, ""h_x_bar"" => 1.0, ""h_x"" => 1.0, ""p_u"" => 0.6, ""s_y"" => 0.5, ""a"" => 0.1, ""h_y_bar"" => 0.9055540142051366, ""M"" => 1, ""s_jx"" => 0.4, ""phi"" => 1.0, ""b_x"" => 3, ""h_y"" => 0.9055540142051366, ""b_y"" => 4.0, ""s_jy"" => 0.41, ""s_x"" => 0.5, ""p_j"" => 0.55)"
0.7777777777777778,0.1111111111111111,0.0,0.0,0.27221916516836825,"Dict{String, Real}(""s_u"" => 0.4, ""h_x_bar"" => 1.0, ""h_x"" => 1.0, ""p_u"" => 0.6, ""s_y"" => 0.5, ""a"" => 0.1, ""h_y_bar"" => 0.9055540142051366, ""M"" => 1, ""s_jx"" => 0.4, ""phi"" => 1.0, ""b_x"" => 3, ""h_y"" => 0.9055540142051366, ""b_y"" => 4.0, ""s_jy"" => 0.41, ""s_x"" => 0.5, ""p_j"" => 0.55)"
0.7777777777777778,0.2222222222222222,0.9597302048123163,0.9396913040905105,0.18905819212070038,"Dict{String, Real}(""s_u"" => 0.4, ""h_x_bar"" => 1.0, ""h_x"" => 1.0, ""p_u"" => 0.6, ""s_y"" => 0.5, ""a"" => 0.1, ""h_y_bar"" => 0.9055540142051366, ""M"" => 1, ""s_jx"" => 0.4, ""phi"" => 1.0, ""b_x"" => 3, ""h_y"" => 0.9055540142051366, ""b_y"" => 4.0, ""s_jy"" => 0.41, ""s_x"" => 0.5, ""p_j"" => 0.55)"
0.7777777777777778,0.3333333333333333,0.9852136130208496,0.9308261001540385,0.18437917391306197,"Dict{String, Real}(""s_u"" => 0.4, ""h_x_bar"" => 1.0, ""h_x"" => 1.0, ""p_u"" => 0.6, ""s_y"" => 0.5, ""a"" => 0.1, ""h_y_bar"" => 0.9055540142051366, ""M"" => 1, ""s_jx"" => 0.4, ""phi"" => 1.0, ""b_x"" => 3, ""h_y"" => 0.9055540142051366, ""b_y"" => 4.0, ""s_jy"" => 0.41, ""s_x"" => 0.5, ""p_j"" => 0.55)"
0.7777777777777778,0.4444444444444444,1.0,0.923418233650255,0.1798709875537079,"Dict{String, Real}(""s_u"" => 0.4, ""h_x_bar"" => 1.0, ""h_x"" => 1.0, ""p_u"" => 0.6, ""s_y"" => 0.5, ""a"" => 0.1, ""h_y_bar"" => 0.9055540142051366, ""M"" => 1, ""s_jx"" => 0.4, ""phi"" => 1.0, ""b_x"" => 3, ""h_y"" => 0.9055540142051366, ""b_y"" => 4.0, ""s_jy"" => 0.41, ""s_x"" => 0.5, ""p_j"" => 0.55)"
0.7777777777777778,0.5555555555555556,1.0,0.911668120144079,0.17593328961359272,"Dict{String, Real}(""s_u"" => 0.4, ""h_x_bar"" => 1.0, ""h_x"" => 1.0, ""p_u"" => 0.6, ""s_y"" => 0.5, ""a"" => 0.1, ""h_y_bar"" => 0.9055540142051366, ""M"" => 1, ""s_jx"" => 0.4, ""phi"" => 1.0, ""b_x"" => 3, ""h_y"" => 0.9055540142051366, ""b_y"" => 4.0, ""s_jy"" => 0.41, ""s_x"" => 0.5, ""p_j"" => 0.55)"
0.7777777777777778,0.6666666666666666,1.0,0.8991615896212465,0.1722561129072998,"Dict{String, Real}(""s_u"" => 0.4, ""h_x_bar"" => 1.0, ""h_x"" => 1.0, ""p_u"" => 0.6, ""s_y"" => 0.5, ""a"" => 0.1, ""h_y_bar"" => 0.9055540142051366, ""M"" => 1, ""s_jx"" => 0.4, ""phi"" => 1.0, ""b_x"" => 3, ""h_y"" => 0.9055540142051366, ""b_y"" => 4.0, ""s_jy"" => 0.41, ""s_x"" => 0.5, ""p_j"" => 0.55)"
0.7777777777777778,0.7777777777777778,1.0,0.886214907317802,0.16880014802123838,"Dict{String, Real}(""s_u"" => 0.4, ""h_x_bar"" => 1.0, ""h_x"" => 1.0, ""p_u"" => 0.6, ""s_y"" => 0.5, ""a"" => 0.1, ""h_y_bar"" => 0.9055540142051366, ""M"" => 1, ""s_jx"" => 0.4, ""phi"" => 1.0, ""b_x"" => 3, ""h_y"" => 0.9055540142051366, ""b_y"" => 4.0, ""s_jy"" => 0.41, ""s_x"" => 0.5, ""p_j"" => 0.55)"
0.7777777777777778,0.8888888888888888,1.0,0.8730491564132762,0.1655377796445567,"Dict{String, Real}(""s_u"" => 0.4, ""h_x_bar"" => 1.0, ""h_x"" => 1.0, ""p_u"" => 0.6, ""s_y"" => 0.5, ""a"" => 0.1, ""h_y_bar"" => 0.9055540142051366, ""M"" => 1, ""s_jx"" => 0.4, ""phi"" => 1.0, ""b_x"" => 3, ""h_y"" => 0.9055540142051366, ""b_y"" => 4.0, ""s_jy"" => 0.41, ""s_x"" => 0.5, ""p_j"" => 0.55)"
0.7777777777777778,1.0,1.0,0.8598190486285779,0.1624288023313175,"Dict{String, Real}(""s_u"" => 0.4, ""h_x_bar"" => 1.0, ""h_x"" => 1.0, ""p_u"" => 0.6, ""s_y"" => 0.5, ""a"" => 0.1, ""h_y_bar"" => 0.9055540142051366, ""M"" => 1, ""s_jx"" => 0.4, ""phi"" => 1.0, ""b_x"" => 3, ""h_y"" => 0.9055540142051366, ""b_y"" => 4.0, ""s_jy"" => 0.41, ""s_x"" => 0.5, ""p_j"" => 0.55)"
0.8888888888888888,0.0,0.0,0.0,0.2722324662114338,"Dict{String, Real}(""s_u"" => 0.4, ""h_x_bar"" => 1.0, ""h_x"" => 1.0, ""p_u"" => 0.6, ""s_y"" => 0.5, ""a"" => 0.1, ""h_y_bar"" => 0.9055540142051366, ""M"" => 1, ""s_jx"" => 0.4, ""phi"" => 1.0, ""b_x"" => 3, ""h_y"" => 0.9055540142051366, ""b_y"" => 4.0, ""s_jy"" => 0.41, ""s_x"" => 0.5, ""p_j"" => 0.55)"
0.8888888888888888,0.1111111111111111,0.0,0.0,0.2722252600784155,"Dict{String, Real}(""s_u"" => 0.4, ""h_x_bar"" => 1.0, ""h_x"" => 1.0, ""p_u"" => 0.6, ""s_y"" => 0.5, ""a"" => 0.1, ""h_y_bar"" => 0.9055540142051366, ""M"" => 1, ""s_jx"" => 0.4, ""phi"" => 1.0, ""b_x"" => 3, ""h_y"" => 0.9055540142051366, ""b_y"" => 4.0, ""s_jy"" => 0.41, ""s_x"" => 0.5, ""p_j"" => 0.55)"
0.8888888888888888,0.2222222222222222,0.9953063735046035,0.9737714536026022,0.1857481476176535,"Dict{String, Real}(""s_u"" => 0.4, ""h_x_bar"" => 1.0, ""h_x"" => 1.0, ""p_u"" => 0.6, ""s_y"" => 0.5, ""a"" => 0.1, ""h_y_bar"" => 0.9055540142051366, ""M"" => 1, ""s_jx"" => 0.4, ""phi"" => 1.0, ""b_x"" => 3, ""h_y"" => 0.9055540142051366, ""b_y"" => 4.0, ""s_jy"" => 0.41, ""s_x"" => 0.5, ""p_j"" => 0.55)"
0.8888888888888888,0.3333333333333333,1.0,0.9667956849574264,0.18099730222986068,"Dict{String, Real}(""s_u"" => 0.4, ""h_x_bar"" => 1.0, ""h_x"" => 1.0, ""p_u"" => 0.6, ""s_y"" => 0.5, ""a"" => 0.1, ""h_y_bar"" => 0.9055540142051366, ""M"" => 1, ""s_jx"" => 0.4, ""phi"" => 1.0, ""b_x"" => 3, ""h_y"" => 0.9055540142051366, ""b_y"" => 4.0, ""s_jy"" => 0.41, ""s_x"" => 0.5, ""p_j"" => 0.55)"
0.8888888888888888,0.4444444444444444,1.0,0.9540623364212769,0.1768959987849771,"Dict{String, Real}(""s_u"" => 0.4, ""h_x_bar"" => 1.0, ""h_x"" => 1.0, ""p_u"" => 0.6, ""s_y"" => 0.5, ""a"" => 0.1, ""h_y_bar"" => 0.9055540142051366, ""M"" => 1, ""s_jx"" => 0.4, ""phi"" => 1.0, ""b_x"" => 3, ""h_y"" => 0.9055540142051366, ""b_y"" => 4.0, ""s_jy"" => 0.41, ""s_x"" => 0.5, ""p_j"" => 0.55)"
0.8888888888888888,0.5555555555555556,1.0,0.9404535909380268,0.17307745507188438,"Dict{String, Real}(""s_u"" => 0.4, ""h_x_bar"" => 1.0, ""h_x"" => 1.0, ""p_u"" => 0.6, ""s_y"" => 0.5, ""a"" => 0.1, ""h_y_bar"" => 0.9055540142051366, ""M"" => 1, ""s_jx"" => 0.4, ""phi"" => 1.0, ""b_x"" => 3, ""h_y"" => 0.9055540142051366, ""b_y"" => 4.0, ""s_jy"" => 0.41, ""s_x"" => 0.5, ""p_j"" => 0.55)"
0.8888888888888888,0.6666666666666666,1.0,0.9263477218138646,0.1695041369616717,"Dict{String, Real}(""s_u"" => 0.4, ""h_x_bar"" => 1.0, ""h_x"" => 1.0, ""p_u"" => 0.6, ""s_y"" => 0.5, ""a"" => 0.1, ""h_y_bar"" => 0.9055540142051366, ""M"" => 1, ""s_jx"" => 0.4, ""phi"" => 1.0, ""b_x"" => 3, ""h_y"" => 0.9055540142051366, ""b_y"" => 4.0, ""s_jy"" => 0.41, ""s_x"" => 0.5, ""p_j"" => 0.55)"
0.8888888888888888,0.7777777777777778,1.0,0.9120027717273612,0.16613658728782543,"Dict{String, Real}(""s_u"" => 0.4, ""h_x_bar"" => 1.0, ""h_x"" => 1.0, ""p_u"" => 0.6, ""s_y"" => 0.5, ""a"" => 0.1, ""h_y_bar"" => 0.9055540142051366, ""M"" => 1, ""s_jx"" => 0.4, ""phi"" => 1.0, ""b_x"" => 3, ""h_y"" => 0.9055540142051366, ""b_y"" => 4.0, ""s_jy"" => 0.41, ""s_x"" => 0.5, ""p_j"" => 0.55)"
0.8888888888888888,0.8888888888888888,1.0,0.8975982465940032,0.16295588391593335,"Dict{String, Real}(""s_u"" => 0.4, ""h_x_bar"" => 1.0, ""h_x"" => 1.0, ""p_u"" => 0.6, ""s_y"" => 0.5, ""a"" => 0.1, ""h_y_bar"" => 0.9055540142051366, ""M"" => 1, ""s_jx"" => 0.4, ""phi"" => 1.0, ""b_x"" => 3, ""h_y"" => 0.9055540142051366, ""b_y"" => 4.0, ""s_jy"" => 0.41, ""s_x"" => 0.5, ""p_j"" => 0.55)"
0.8888888888888888,1.0,1.0,0.8832607052997755,0.1599414157726035,"Dict{String, Real}(""s_u"" => 0.4, ""h_x_bar"" => 1.0, ""h_x"" => 1.0, ""p_u"" => 0.6, ""s_y"" => 0.5, ""a"" => 0.1, ""h_y_bar"" => 0.9055540142051366, ""M"" => 1, ""s_jx"" => 0.4, ""phi"" => 1.0, ""b_x"" => 3, ""h_y"" => 0.9055540142051366, ""b_y"" => 4.0, ""s_jy"" => 0.41, ""s_x"" => 0.5, ""p_j"" => 0.55)"
1.0,0.0,0.0,0.0,0.2722239364740952,"Dict{String, Real}(""s_u"" => 0.4, ""h_x_bar"" => 1.0, ""h_x"" => 1.0, ""p_u"" => 0.6, ""s_y"" => 0.5, ""a"" => 0.1, ""h_y_bar"" => 0.9055540142051366, ""M"" => 1, ""s_jx"" => 0.4, ""phi"" => 1.0, ""b_x"" => 3, ""h_y"" => 0.9055540142051366, ""b_y"" => 4.0, ""s_jy"" => 0.41, ""s_x"" => 0.5, ""p_j"" => 0.55)"
1.0,0.1111111111111111,0.0,0.0,0.2722265759593958,"Dict{String, Real}(""s_u"" => 0.4, ""h_x_bar"" => 1.0, ""h_x"" => 1.0, ""p_u"" => 0.6, ""s_y"" => 0.5, ""a"" => 0.1, ""h_y_bar"" => 0.9055540142051366, ""M"" => 1, ""s_jx"" => 0.4, ""phi"" => 1.0, ""b_x"" => 3, ""h_y"" => 0.9055540142051366, ""b_y"" => 4.0, ""s_jy"" => 0.41, ""s_x"" => 0.5, ""p_j"" => 0.55)"
1.0,0.2222222222222222,1.0,1.0,0.18308795857442897,"Dict{String, Real}(""s_u"" => 0.4, ""h_x_bar"" => 1.0, ""h_x"" => 1.0, ""p_u"" => 0.6, ""s_y"" => 0.5, ""a"" => 0.1, ""h_y_bar"" => 0.9055540142051366, ""M"" => 1, ""s_jx"" => 0.4, ""phi"" => 1.0, ""b_x"" => 3, ""h_y"" => 0.9055540142051366, ""b_y"" => 4.0, ""s_jy"" => 0.41, ""s_x"" => 0.5, ""p_j"" => 0.55)"
1.0,0.3333333333333333,1.0,0.9977379467127524,0.1780334796678083,"Dict{String, Real}(""s_u"" => 0.4, ""h_x_bar"" => 1.0, ""h_x"" => 1.0, ""p_u"" => 0.6, ""s_y"" => 0.5, ""a"" => 0.1, ""h_y_bar"" => 0.9055540142051366, ""M"" => 1, ""s_jx"" => 0.4, ""phi"" => 1.0, ""b_x"" => 3, ""h_y"" => 0.9055540142051366, ""b_y"" => 4.0, ""s_jy"" => 0.41, ""s_x"" => 0.5, ""p_j"" => 0.55)"
1.0,0.4444444444444444,1.0,0.9830128545573624,0.17406337866154817,"Dict{String, Real}(""s_u"" => 0.4, ""h_x_bar"" => 1.0, ""h_x"" => 1.0, ""p_u"" => 0.6, ""s_y"" => 0.5, ""a"" => 0.1, ""h_y_bar"" => 0.9055540142051366, ""M"" => 1, ""s_jx"" => 0.4, ""phi"" => 1.0, ""b_x"" => 3, ""h_y"" => 0.9055540142051366, ""b_y"" => 4.0, ""s_jy"" => 0.41, ""s_x"" => 0.5, ""p_j"" => 0.55)"
1.0,0.5555555555555556,1.0,0.9677065944570964,0.17034253933595664,"Dict{String, Real}(""s_u"" => 0.4, ""h_x_bar"" => 1.0, ""h_x"" => 1.0, ""p_u"" => 0.6, ""s_y"" => 0.5, ""a"" => 0.1, ""h_y_bar"" => 0.9055540142051366, ""M"" => 1, ""s_jx"" => 0.4, ""phi"" => 1.0, ""b_x"" => 3, ""h_y"" => 0.9055540142051366, ""b_y"" => 4.0, ""s_jy"" => 0.41, ""s_x"" => 0.5, ""p_j"" => 0.55)"
1.0,0.6666666666666666,1.0,0.9521273028762451,0.16686556482959775,"Dict{String, Real}(""s_u"" => 0.4, ""h_x_bar"" => 1.0, ""h_x"" => 1.0, ""p_u"" => 0.6, ""s_y"" => 0.5, ""a"" => 0.1, ""h_y_bar"" => 0.9055540142051366, ""M"" => 1, ""s_jx"" => 0.4, ""phi"" => 1.0, ""b_x"" => 3, ""h_y"" => 0.9055540142051366, ""b_y"" => 4.0, ""s_jy"" => 0.41, ""s_x"" => 0.5, ""p_j"" => 0.55)"
1.0,0.7777777777777778,1.0,0.936485790996129,0.1635823765619156,"Dict{String, Real}(""s_u"" => 0.4, ""h_x_bar"" => 1.0, ""h_x"" => 1.0, ""p_u"" => 0.6, ""s_y"" => 0.5, ""a"" => 0.1, ""h_y_bar"" => 0.9055540142051366, ""M"" => 1, ""s_jx"" => 0.4, ""phi"" => 1.0, ""b_x"" => 3, ""h_y"" => 0.9055540142051366, ""b_y"" => 4.0, ""s_jy"" => 0.41, ""s_x"" => 0.5, ""p_j"" => 0.55)"
1.0,0.8888888888888888,1.0,0.920927907426785,0.16046688958450162,"Dict{String, Real}(""s_u"" => 0.4, ""h_x_bar"" => 1.0, ""h_x"" => 1.0, ""p_u"" => 0.6, ""s_y"" => 0.5, ""a"" => 0.1, ""h_y_bar"" => 0.9055540142051366, ""M"" => 1, ""s_jx"" => 0.4, ""phi"" => 1.0, ""b_x"" => 3, ""h_y"" => 0.9055540142051366, ""b_y"" => 4.0, ""s_jy"" => 0.41, ""s_x"" => 0.5, ""p_j"" => 0.55)"
1.0,1.0,1.0,0.9055540142051366,0.1575250919611782,"Dict{String, Real}(""s_u"" => 0.4, ""h_x_bar"" => 1.0, ""h_x"" => 1.0, ""p_u"" => 0.6, ""s_y"" => 0.5, ""a"" => 0.1, ""h_y_bar"" => 0.9055540142051366, ""M"" => 1, ""s_jx"" => 0.4, ""phi"" => 1.0, ""b_x"" => 3, ""h_y"" => 0.9055540142051366, ""b_y"" => 4.0, ""s_jy"" => 0.41, ""s_x"" => 0.5, ""p_j"" => 0.55)"
